customer_id,full_name,age,country,account_open_date,transaction_date,transaction_type,transaction_amount,account_balance,is_international
221958,Jordan Smith,34,India,2018-04-14,2024-03-11,ATM,1584.01,17857.01,False
771155,Casey Williams,22,France,2019-06-14,2024-04-27,Online,-463.09,13702.98,False
231932,Morgan Brown,46,Germany,2017-07-02,2023-01-25,POS,1622.31,20970.86,False
465838,Jordan Anderson,21,India,2016-03-29,2024-10-14,ATM,3854.46,20404.84,False
359178,Jordan Thomas,27,Italy,2015-02-06,2023-04-27,Online,2777.94,20849.51,False
744167,Sam Smith,73,India,2024-04-10,2024-04-26,POS,56.93,18734.99,False
210268,Alex Johnson,34,UK,2019-09-08,2024-01-27,ATM,4159.27,20206.1,False
832180,Morgan Williams,27,Netherlands,2023-04-09,2024-06-20,Online,2420.97,15938.72,True
154886,Cameron Thomas,34,Australia,2017-03-06,2023-03-20,ATM,4129.48,4343.28,False
237337,Alex Anderson,37,France,2017-08-30,2024-08-02,Deposit,2691.22,12061.15,False
621430,Morgan Anderson,41,France,2016-08-15,2023-06-22,Transfer,2578.29,14044.42,False
187498,Sam Williams,22,Netherlands,2018-02-11,2023-01-12,Transfer,78.93,6229.13,True
999159,Jamie Thomas,51,Germany,2023-07-09,2023-05-08,Deposit,420.48,6850.76,True
275203,Casey Smith,23,Italy,2018-08-17,2024-08-30,ATM,4846.14,24073.21,False
291335,Taylor Davis,70,France,2021-03-21,2023-04-02,Deposit,756.68,18601.73,False
378167,Riley Jones,19,Netherlands,2015-11-14,2024-10-14,Transfer,4875.99,21874.65,False
141090,Taylor Williams,30,USA,2021-07-24,2024-06-26,Transfer,2425.52,10605.15,True
429365,Riley Johnson,60,UK,2020-12-02,2024-06-15,ATM,246.84,619.44,False
164820,Jordan Davis,60,Canada,2022-07-08,2024-10-19,Transfer,46.16,1742.58,True
887201,Jordan Miller,65,Netherlands,2018-09-08,2024-03-22,Deposit,648.75,6961.46,False
421879,Riley Thomas,28,Italy,2019-05-11,2024-01-25,ATM,4591.01,5004.29,False
818315,Casey Smith,68,Netherlands,2023-07-09,2024-11-02,Deposit,1777.83,2219.11,False
427069,Jamie Anderson,64,Netherlands,2020-03-04,2023-02-12,ATM,1674.89,20015.3,False
876997,Jordan Davis,74,Germany,2020-09-18,2023-09-11,Transfer,1222.63,15375.18,False
299041,Jordan Anderson,40,Spain,2020-06-19,2023-05-10,Online,308.84,6557.06,False
891743,Casey Thomas,72,India,2019-11-08,2023-03-01,ATM,2183.18,4922.81,True
203355,Riley Thomas,33,Canada,2018-08-05,2024-10-24,ATM,215.26,10496.81,True
335796,Morgan Johnson,48,Spain,2018-07-09,2024-04-11,Online,4095.14,4301.53,True
314176,Alex Williams,28,Spain,2015-08-04,2023-10-14,Transfer,1537.18,20311.61,True
284779,Casey Johnson,71,Spain,2023-10-24,2024-05-31,Deposit,1561.42,9916.24,False
447449,Morgan Johnson,33,Italy,2021-07-11,2024-04-11,POS,2107.04,10213.51,False
521909,Sam Jones,25,Canada,2023-11-14,2023-12-11,Online,1942.7,9815.51,True
358795,Jamie Miller,21,Spain,2020-11-09,2024-10-03,POS,4971.72,6451.35,True
586232,Taylor Miller,57,Australia,2021-07-28,2024-01-17,Transfer,2499.6,15302.21,False
600186,Riley Williams,21,Australia,2022-03-03,2024-11-20,ATM,-14.89,14671.88,False
256730,Casey Johnson,73,USA,2024-12-21,2023-09-10,ATM,2837.83,16392.73,False
970910,Drew Brown,42,Spain,2022-11-03,2023-02-25,Transfer,333.71,3188.58,False
484681,Cameron Williams,20,Germany,2019-09-01,2024-04-07,Deposit,-329.84,11289.08,False
249503,Taylor Wilson,49,Netherlands,2022-09-29,2024-04-01,Deposit,4839.08,16271.82,False
754811,Sam Jones,20,USA,2015-12-29,2023-03-24,Transfer,3754.46,21135.83,True
627035,Cameron Williams,44,France,2022-02-17,2023-04-09,Transfer,4890.6,12535.24,True
748143,Riley Smith,46,Netherlands,2024-05-09,2023-05-29,Transfer,2128.33,9620.9,False
552366,Morgan Smith,49,Germany,2019-09-13,2023-11-25,Transfer,2427.42,14836.11,True
165725,Riley Davis,67,Canada,2018-04-08,2023-06-05,Transfer,425.85,13124.0,False
229981,Casey Johnson,68,USA,2015-12-22,2023-07-09,Transfer,857.99,10296.77,False
184654,Morgan Thomas,36,UK,2015-07-10,2024-05-08,ATM,4112.02,13028.9,False
691723,Riley Williams,38,France,2021-10-05,2023-09-20,POS,1459.02,11392.56,True
419030,Jamie Davis,22,Italy,2016-11-30,2023-03-21,Deposit,4047.48,21282.28,True
428947,Jamie Brown,35,India,2020-08-16,2024-02-04,POS,3399.58,12676.8,False
655839,Casey Brown,45,Italy,2020-12-20,2024-08-31,ATM,474.44,19279.08,True
373538,Morgan Anderson,59,Germany,2016-07-10,2023-09-17,Online,2290.96,12420.63,False
431236,Cameron Jones,39,Canada,2017-04-05,2024-09-06,POS,3225.63,22214.72,True
628178,Drew Davis,38,Spain,2022-09-09,2024-07-05,Online,792.7,17466.05,False
665894,Drew Davis,23,India,2017-11-20,2023-04-11,ATM,4068.79,11381.17,True
589492,Riley Williams,18,Spain,2022-01-26,2023-12-25,Deposit,2496.55,19783.01,False
356840,Taylor Anderson,22,Germany,2016-03-01,2024-01-15,Online,408.83,2699.09,True
573254,Jamie Johnson,58,Canada,2024-06-27,2023-08-09,ATM,2706.41,21214.85,True
449457,Alex Johnson,29,Netherlands,2022-06-12,2024-02-24,Transfer,4998.43,17668.14,False
765987,Taylor Brown,43,Australia,2021-08-07,2023-05-04,Deposit,327.87,1510.25,True
370936,Sam Thomas,63,Netherlands,2024-08-09,2024-02-26,Transfer,3992.16,16912.87,False
339931,Jordan Davis,51,Netherlands,2019-04-24,2023-08-19,Deposit,640.2,20127.73,False
339629,Sam Thomas,66,France,2020-10-30,2024-11-20,Deposit,3803.14,5292.17,False
305041,Jamie Anderson,31,Netherlands,2021-07-31,2023-03-04,POS,3540.18,14678.47,False
798361,Casey Anderson,43,UK,2024-02-12,2024-04-29,Deposit,1152.69,16133.8,False
831912,Alex Johnson,62,USA,2016-08-11,2024-09-19,POS,1292.03,17516.18,False
517113,Cameron Jones,44,Italy,2020-07-05,2024-12-03,Online,3858.87,12194.04,False
168148,Riley Johnson,26,Australia,2019-03-28,2024-07-27,Deposit,2037.95,6200.86,True
877089,Casey Davis,43,Netherlands,2015-10-22,2024-04-27,Online,3519.5,4462.11,False
748531,Taylor Wilson,74,Germany,2020-06-08,2024-06-02,Deposit,313.91,11950.46,True
351995,Alex Jones,64,Germany,2018-06-01,2023-06-04,POS,4189.07,13302.0,True
778843,Cameron Brown,74,India,2019-03-29,2023-04-02,Transfer,3409.87,22389.88,False
672843,Cameron Johnson,39,Spain,2023-07-15,2024-06-09,Deposit,4488.19,5794.23,True
356508,Casey Anderson,64,UK,2019-08-18,2024-03-30,ATM,228.05,13967.42,True
903591,Drew Williams,73,UK,2018-02-10,2024-08-20,Transfer,2761.58,3358.41,False
996942,Taylor Miller,47,France,2018-06-10,2024-10-06,POS,2795.16,6306.7,False
206530,Taylor Anderson,60,Netherlands,2020-08-26,2024-05-24,ATM,1444.03,10570.25,False
704365,Cameron Smith,65,India,2015-12-26,2023-07-02,Online,2021.57,11173.53,True
922352,Drew Miller,34,Netherlands,2024-01-08,2024-01-21,POS,-291.1,13454.34,True
560337,Jamie Smith,43,France,2022-12-23,2024-07-27,Transfer,3602.23,21815.47,True
824839,Jordan Miller,53,Australia,2016-11-30,2024-02-09,Online,2521.27,15338.01,True
905889,Casey Williams,18,UK,2016-03-23,2023-09-03,Online,-182.42,18892.93,False
559773,Alex Williams,25,USA,2022-12-13,2024-08-13,POS,3244.16,20888.31,False
308261,Drew Johnson,66,Italy,2021-08-09,2024-10-22,Transfer,2067.3,13798.85,False
864469,Jordan Wilson,52,Canada,2016-11-05,2024-10-11,POS,-310.46,16382.0,True
441097,Jordan Anderson,69,France,2017-10-04,2024-04-15,ATM,4832.84,17720.13,False
415139,Taylor Brown,32,Spain,2018-09-11,2024-02-27,ATM,4720.12,6383.42,True
271829,Jamie Anderson,64,Italy,2021-11-19,2023-03-06,Deposit,2320.96,17158.2,True
371836,Taylor Jones,73,Spain,2021-09-27,2023-01-13,Online,15.2,2003.88,False
538974,Cameron Thomas,39,UK,2024-08-27,2023-08-01,Deposit,3650.42,15572.67,False
302283,Sam Williams,31,Italy,2016-08-08,2023-08-30,Transfer,2205.62,16288.16,True
296769,Cameron Williams,43,UK,2018-06-10,2024-05-07,ATM,1163.46,2587.36,False
661353,Casey Davis,45,India,2018-06-01,2023-08-01,Deposit,2202.8,6895.61,True
323165,Riley Wilson,40,Australia,2017-09-20,2024-11-23,ATM,2373.44,20695.32,True
723587,Cameron Wilson,31,Germany,2018-12-06,2023-12-04,ATM,2594.91,14959.57,False
635822,Jordan Williams,41,Spain,2016-07-25,2023-06-22,ATM,1926.73,6927.82,False
587879,Morgan Johnson,19,Australia,2021-07-10,2024-11-02,POS,2831.65,16676.18,True
664685,Riley Smith,62,France,2018-05-30,2023-06-13,Deposit,4553.04,16528.89,True
882038,Drew Anderson,43,USA,2020-09-15,2024-04-09,Online,1492.47,11573.83,True
453531,Morgan Thomas,31,Italy,2017-09-15,2024-05-11,Deposit,3491.44,23017.56,False
363160,Morgan Smith,73,Australia,2015-10-05,2024-11-30,Online,4419.49,18120.22,True
679879,Jordan Smith,68,Netherlands,2018-05-04,2024-01-30,Deposit,2007.89,9579.17,True
320884,Morgan Johnson,24,Australia,2023-02-11,2024-12-03,Deposit,1939.01,17960.47,False
123247,Alex Miller,20,France,2020-03-02,2023-11-04,ATM,2811.64,20514.85,False
124300,Jordan Anderson,64,India,2016-04-28,2023-07-02,Online,2752.74,5344.63,False
567281,Morgan Jones,40,India,2018-06-19,2024-09-20,Online,3936.24,8027.24,False
707086,Jamie Williams,63,USA,2024-04-18,2024-05-24,Online,2120.66,6523.58,False
633556,Cameron Brown,60,Canada,2016-12-31,2024-12-08,Deposit,4978.68,18833.8,False
448951,Drew Thomas,64,USA,2021-02-17,2024-06-29,Online,-172.91,11927.58,True
374329,Jamie Williams,62,Italy,2017-11-06,2024-07-17,Deposit,-482.58,11935.35,True
819064,Jamie Davis,35,Spain,2022-01-15,2024-09-15,POS,3021.09,21842.48,True
842139,Morgan Johnson,55,Spain,2017-07-06,2024-08-16,ATM,1141.39,16682.03,False
532315,Jordan Davis,52,Australia,2021-09-14,2023-08-15,Transfer,822.1,3468.04,True
616588,Riley Davis,68,Spain,2017-06-04,2024-03-11,POS,1215.44,8230.83,False
336584,Sam Wilson,32,Canada,2022-07-15,2024-02-26,Online,908.26,9672.59,True
662332,Alex Johnson,42,Germany,2015-01-22,2024-07-07,ATM,-330.65,7648.99,True
937646,Alex Davis,72,India,2016-04-18,2023-01-21,ATM,4843.43,18262.67,True
476896,Riley Johnson,54,Australia,2023-09-27,2024-07-07,ATM,714.1,18562.77,True
148984,Morgan Williams,45,Italy,2021-03-07,2024-02-01,ATM,3537.16,9727.58,True
402918,Morgan Anderson,27,Australia,2021-06-11,2024-09-16,Online,3694.28,14776.64,False
364712,Jamie Brown,56,UK,2024-02-24,2023-04-15,ATM,4610.92,20420.17,False
220151,Sam Brown,74,UK,2016-12-04,2023-07-11,Transfer,-331.98,8050.76,True
555808,Casey Wilson,34,UK,2016-11-17,2023-01-17,Transfer,4296.27,7741.82,True
233767,Morgan Johnson,56,Canada,2015-10-12,2023-04-30,ATM,2399.74,11951.26,False
748663,Jamie Anderson,39,Spain,2016-12-16,2024-01-28,Deposit,2978.99,4177.92,False
803550,Jordan Smith,43,Netherlands,2017-02-01,2024-02-29,Online,3044.59,21898.02,True
236330,Cameron Smith,61,Australia,2018-06-04,2023-05-09,Transfer,4008.89,5597.83,True
580754,Jordan Williams,42,Netherlands,2017-08-05,2023-05-10,Transfer,1333.74,10159.03,True
401648,Taylor Davis,34,Canada,2021-08-25,2024-07-25,Transfer,3531.78,14176.42,False
788519,Jamie Wilson,30,India,2021-11-12,2024-07-13,POS,2407.18,22114.73,False
113986,Morgan Davis,37,Australia,2017-10-27,2023-01-29,POS,3863.67,7267.5,False
686146,Alex Brown,42,Canada,2015-01-29,2023-04-07,Transfer,4948.0,7325.19,False
229312,Sam Smith,21,Spain,2017-06-25,2023-01-10,Deposit,603.58,876.83,False
112666,Sam Jones,27,India,2023-07-02,2023-08-30,Online,4970.57,8166.44,True
400804,Jamie Jones,20,Spain,2023-01-05,2023-08-20,Online,-6.03,4218.7,False
234633,Sam Anderson,58,Canada,2020-10-27,2023-10-11,Transfer,-487.25,12161.31,False
388998,Jamie Brown,62,Italy,2023-03-14,2024-12-15,Transfer,-257.11,4215.06,False
950937,Morgan Jones,35,India,2021-11-11,2024-12-26,Online,1379.8,1888.16,True
728776,Morgan Smith,64,France,2016-07-23,2023-07-19,Deposit,2980.98,19530.69,True
807611,Drew Anderson,53,India,2020-06-29,2023-03-20,POS,-120.34,7255.01,False
384806,Alex Miller,64,Spain,2024-11-18,2023-06-22,POS,-468.84,6669.72,True
894824,Alex Smith,39,Australia,2024-09-23,2024-04-11,Transfer,4654.0,10773.33,True
130535,Drew Wilson,51,Australia,2018-12-24,2024-08-03,Online,4020.6,23530.53,True
475713,Cameron Anderson,64,Australia,2017-01-07,2024-02-20,POS,3950.51,7435.81,True
938688,Taylor Smith,25,Netherlands,2024-03-10,2024-03-24,Deposit,4364.33,22339.27,True
451279,Cameron Johnson,57,India,2016-05-30,2023-03-28,Transfer,3350.19,18908.58,True
921654,Taylor Johnson,66,France,2020-06-23,2023-04-11,ATM,74.22,1696.17,True
701661,Drew Johnson,61,Netherlands,2023-09-06,2023-01-08,Transfer,1695.05,21430.96,True
747972,Morgan Davis,36,UK,2021-09-10,2023-07-19,ATM,3477.32,8977.5,False
589570,Jordan Thomas,59,Spain,2024-09-30,2024-05-19,Transfer,1041.84,3103.64,True
556551,Morgan Thomas,58,Spain,2015-02-08,2023-03-28,Online,3280.74,19884.09,False
373109,Drew Smith,54,USA,2024-02-25,2023-02-12,Online,-365.26,13797.58,False
124538,Drew Johnson,23,Italy,2017-06-05,2024-01-20,Online,1183.76,13566.41,True
994498,Sam Thomas,69,India,2022-10-15,2024-09-12,Online,2520.22,5724.24,True
301664,Drew Anderson,43,France,2021-01-13,2024-03-10,Deposit,2976.49,12598.56,True
591234,Riley Jones,51,UK,2018-01-03,2024-02-12,Deposit,2673.72,18306.78,True
999684,Morgan Miller,73,India,2023-01-10,2024-04-27,ATM,3337.66,9479.78,True
239182,Morgan Jones,62,Netherlands,2019-12-29,2024-10-25,Deposit,-466.51,5836.12,True
572525,Sam Brown,23,France,2023-10-07,2023-01-17,Transfer,55.18,217.68,False
258338,Casey Wilson,54,India,2019-09-07,2024-10-06,Online,4279.19,7846.63,False
284064,Riley Johnson,74,India,2017-08-31,2023-05-28,POS,3249.62,20770.19,False
314020,Alex Wilson,50,Germany,2023-08-22,2023-10-04,POS,121.12,9011.88,True
723094,Drew Thomas,70,UK,2023-06-21,2023-08-20,POS,4131.41,23817.68,False
997421,Jordan Johnson,39,India,2024-08-31,2024-01-01,Transfer,832.27,8806.86,False
715270,Cameron Williams,38,Netherlands,2019-04-12,2023-08-16,POS,2130.43,16462.64,True
745914,Cameron Jones,23,Canada,2022-12-06,2024-10-12,POS,298.58,6008.77,True
219176,Taylor Miller,23,Australia,2024-06-15,2024-03-11,ATM,3405.61,10745.42,True
318126,Jordan Williams,72,India,2022-08-27,2024-02-03,Transfer,3167.7,7063.15,False
318969,Riley Jones,65,Italy,2024-08-12,2023-07-30,Transfer,661.12,7667.66,False
222409,Taylor Wilson,21,Canada,2017-09-15,2024-01-26,POS,4248.7,15238.73,True
647707,Cameron Jones,47,Germany,2015-01-21,2024-05-13,Transfer,1707.18,21543.46,False
353618,Drew Anderson,28,UK,2021-06-08,2024-06-23,ATM,1108.83,14426.44,True
869598,Alex Anderson,47,India,2017-05-18,2024-07-16,ATM,337.81,4402.8,False
150015,Casey Johnson,48,USA,2015-03-25,2024-05-05,Online,963.92,1958.65,True
872838,Taylor Jones,41,Germany,2019-08-10,2024-03-17,ATM,-378.85,2235.64,True
222096,Jordan Johnson,72,UK,2020-05-30,2023-09-18,Online,2707.92,14002.77,False
731347,Cameron Brown,26,Netherlands,2024-08-25,2023-12-16,POS,4132.27,19458.96,True
285340,Casey Jones,72,Spain,2018-11-11,2023-12-18,Online,2519.39,21333.73,True
210687,Drew Williams,20,Italy,2019-03-11,2024-06-03,Online,706.01,1120.89,False
974371,Riley Williams,68,Canada,2024-02-11,2023-11-16,POS,-314.82,10188.11,True
511357,Casey Anderson,48,Italy,2016-07-23,2023-05-18,Online,680.45,10150.71,True
835716,Jamie Jones,57,Germany,2017-07-22,2024-07-03,ATM,1788.67,14944.16,False
205878,Alex Johnson,54,Italy,2024-11-07,2024-09-14,POS,3677.86,14913.48,True
827270,Sam Jones,53,Australia,2023-11-08,2024-01-03,Transfer,533.14,14305.22,False
298286,Alex Smith,41,India,2020-06-03,2023-08-08,Online,3458.85,16654.69,False
873290,Riley Brown,48,Netherlands,2023-11-09,2023-12-03,ATM,4268.13,6696.66,False
874684,Casey Brown,23,UK,2020-01-30,2023-08-11,Transfer,1996.71,18011.1,True
264899,Jamie Anderson,19,Canada,2023-05-15,2024-10-09,POS,4017.88,6570.21,True
424767,Sam Anderson,37,Australia,2017-03-03,2023-12-26,POS,2550.62,16551.38,False
961882,Alex Johnson,45,Germany,2017-03-02,2023-11-25,POS,3004.0,11385.29,True
979858,Jordan Brown,28,Australia,2024-11-04,2024-04-07,ATM,2394.53,12720.16,False
479989,Cameron Smith,21,Spain,2019-12-15,2024-07-14,Transfer,2047.45,20123.08,False
515515,Riley Thomas,32,Netherlands,2018-07-18,2024-01-17,POS,790.59,18599.28,True
143585,Cameron Brown,23,Australia,2021-12-14,2024-08-12,ATM,1167.57,17542.91,True
471369,Sam Brown,71,Italy,2021-03-05,2024-09-08,Deposit,1094.84,11346.79,True
164044,Alex Jones,66,Spain,2024-11-19,2023-06-18,ATM,2598.09,17349.26,True
542296,Riley Smith,47,Canada,2019-05-27,2023-08-05,Deposit,159.75,10466.4,True
209556,Riley Williams,73,Netherlands,2017-12-19,2024-01-13,Transfer,4542.35,21947.51,False
626981,Morgan Johnson,55,Australia,2021-10-13,2023-04-29,POS,3463.6,11578.84,True
981691,Riley Anderson,68,Spain,2017-09-11,2023-07-09,POS,1707.95,21115.63,True
867595,Sam Thomas,74,Australia,2019-08-08,2024-01-05,Online,372.43,19025.65,True
300235,Taylor Williams,19,Spain,2024-04-03,2023-05-29,POS,4350.96,19208.85,True
125939,Taylor Brown,32,France,2016-06-03,2024-11-06,Transfer,4030.78,9691.16,False
252906,Sam Smith,28,India,2016-08-13,2024-10-13,ATM,3469.47,6189.38,True
642335,Taylor Miller,25,Netherlands,2017-11-16,2024-05-02,Transfer,993.51,18102.11,False
388249,Sam Williams,43,Germany,2019-09-06,2024-01-09,POS,1713.46,5102.98,False
175766,Casey Brown,68,Germany,2024-12-12,2024-11-23,ATM,65.12,17164.91,False
508923,Jordan Davis,62,France,2020-07-28,2023-06-09,Transfer,539.72,10405.94,False
515192,Alex Wilson,61,Australia,2021-02-24,2023-12-17,POS,3806.59,11997.07,True
668550,Morgan Williams,22,France,2021-08-31,2023-10-15,POS,3432.71,21506.21,True
487261,Jamie Miller,23,Germany,2015-12-15,2023-10-15,POS,2764.17,14880.8,True
910208,Casey Williams,43,France,2017-08-17,2023-08-14,Online,4426.5,16001.12,True
785440,Morgan Smith,71,France,2020-05-17,2024-06-06,Online,2707.97,13927.41,False
752664,Morgan Davis,21,Germany,2016-11-23,2024-06-05,Online,2068.32,9554.59,False
554589,Riley Jones,36,Netherlands,2019-04-09,2023-09-30,ATM,1372.04,17106.34,False
237848,Jordan Jones,37,Spain,2016-01-13,2024-02-06,Transfer,4672.47,9803.16,False
717075,Riley Anderson,50,Netherlands,2023-01-25,2023-07-02,ATM,-45.06,18738.95,True
227948,Sam Anderson,37,Spain,2023-02-11,2024-10-26,ATM,4619.88,22510.19,True
679304,Riley Smith,66,Australia,2024-12-08,2024-05-02,POS,4046.93,10862.79,True
502690,Jordan Jones,29,France,2016-06-10,2023-05-04,Deposit,214.61,14830.94,True
599046,Taylor Thomas,64,France,2023-10-30,2024-09-17,Deposit,2607.41,14114.55,True
551269,Casey Smith,18,USA,2022-08-13,2024-02-18,POS,4266.01,11085.23,True
121959,Jordan Thomas,43,India,2021-03-03,2024-12-25,Deposit,2644.95,22416.53,False
760890,Sam Miller,31,Australia,2021-11-07,2023-06-21,ATM,4489.6,5091.82,False
850216,Riley Davis,55,Italy,2024-02-27,2023-10-15,Transfer,4686.41,9814.07,False
890180,Drew Anderson,54,Italy,2018-06-13,2024-03-10,Online,1823.11,12272.58,False
328576,Jordan Davis,28,Spain,2020-02-19,2024-11-16,ATM,1575.23,12062.09,True
637833,Drew Williams,53,Canada,2019-10-30,2023-04-23,ATM,4649.77,16469.54,False
265838,Casey Smith,30,France,2016-06-04,2023-05-02,Transfer,3213.27,18271.63,False
435674,Sam Smith,60,UK,2019-08-29,2024-06-27,Deposit,138.12,12645.33,True
979989,Cameron Anderson,20,France,2017-10-13,2023-08-10,Transfer,-267.4,11778.2,True
161087,Morgan Miller,50,USA,2023-03-23,2024-09-22,ATM,2605.46,3770.4,False
693128,Sam Johnson,23,Spain,2022-08-05,2023-02-08,POS,4615.94,12208.89,False
218451,Riley Thomas,67,Netherlands,2017-10-10,2024-05-11,POS,4143.37,8861.28,False
547600,Riley Johnson,73,France,2021-12-23,2023-08-21,ATM,3217.16,8598.03,False
937437,Casey Anderson,27,Netherlands,2015-04-27,2024-06-13,POS,265.14,11396.46,False
539792,Casey Davis,22,Germany,2021-08-30,2023-05-29,Deposit,898.27,4968.43,False
139353,Riley Davis,40,Germany,2018-09-29,2024-02-01,Transfer,4315.31,10264.9,False
293075,Casey Anderson,27,Australia,2016-08-06,2024-10-22,Online,505.44,5323.43,True
314283,Taylor Williams,61,France,2016-01-30,2024-09-29,Transfer,1031.42,20006.63,True
414877,Sam Davis,19,Australia,2017-12-23,2023-10-29,Online,212.8,19111.65,True
165318,Taylor Thomas,30,France,2022-07-31,2023-12-26,ATM,3218.6,15456.44,True
865313,Drew Jones,57,Canada,2015-03-13,2023-08-26,ATM,4691.9,23189.9,True
582690,Sam Anderson,19,USA,2015-10-01,2024-10-08,Online,979.32,16716.99,True
516880,Alex Jones,37,India,2020-07-06,2024-10-24,POS,2114.74,13954.7,False
691460,Casey Williams,18,India,2018-09-05,2023-08-24,ATM,2988.87,3216.93,False
840976,Sam Thomas,54,Germany,2015-12-04,2023-07-22,Deposit,4997.06,20470.13,False
881239,Drew Miller,26,Germany,2018-10-21,2023-09-13,Deposit,76.44,14155.96,True
193264,Jamie Wilson,34,UK,2024-10-06,2024-08-20,Deposit,2242.14,14585.69,False
870746,Jamie Williams,26,Australia,2016-08-29,2024-10-23,Deposit,1618.16,16850.6,False
913168,Cameron Wilson,28,Germany,2015-06-15,2023-08-23,Online,4262.01,14569.16,True
325281,Taylor Johnson,32,Germany,2019-04-17,2023-12-11,POS,2117.82,16229.08,True
737147,Casey Anderson,41,UK,2020-08-20,2024-06-17,Online,110.38,18820.3,False
998613,Drew Miller,55,USA,2018-08-17,2024-04-10,ATM,2989.33,10567.85,False
494070,Jordan Williams,72,Italy,2016-12-29,2024-06-24,Deposit,3739.29,17930.91,True
452228,Casey Williams,52,Spain,2022-10-19,2023-08-01,Deposit,-484.15,9082.04,False
531839,Morgan Brown,47,Netherlands,2020-08-05,2024-04-07,Deposit,4224.26,17744.81,False
369536,Alex Smith,48,USA,2015-04-12,2024-03-11,ATM,523.13,15804.71,True
417824,Morgan Wilson,66,Canada,2024-07-28,2023-10-10,Transfer,2536.38,3540.88,True
357426,Drew Johnson,22,UK,2018-11-16,2024-07-15,Online,1786.89,14754.24,False
277789,Jamie Davis,61,Australia,2017-02-17,2024-08-29,POS,3458.1,8070.25,False
613153,Drew Williams,67,Canada,2015-08-02,2024-04-07,ATM,1541.39,14975.04,True
842452,Sam Wilson,31,Italy,2018-01-16,2024-02-11,Transfer,4283.7,13703.47,True
937291,Sam Williams,70,Netherlands,2019-04-26,2023-03-29,Transfer,3517.73,19011.43,False
225657,Taylor Smith,73,Netherlands,2021-09-14,2023-02-13,POS,3062.42,5618.1,True
335167,Jordan Davis,28,Germany,2022-03-20,2024-04-05,ATM,3879.32,16443.13,False
781669,Morgan Brown,26,France,2023-01-15,2023-10-05,Transfer,3647.13,9288.7,True
580671,Cameron Wilson,51,Spain,2023-07-15,2024-11-13,Deposit,-302.34,16772.0,False
819094,Alex Anderson,29,France,2019-08-23,2024-02-25,POS,1671.04,20245.87,False
170467,Morgan Johnson,52,UK,2024-09-04,2024-12-01,Deposit,4619.44,24547.77,False
283734,Jamie Brown,52,USA,2016-08-14,2023-12-19,POS,191.48,16132.03,True
722794,Jamie Anderson,18,India,2018-08-26,2024-11-26,Online,3554.03,18653.34,True
209751,Cameron Thomas,57,Germany,2018-01-14,2024-05-29,Online,4860.25,9248.72,True
481050,Riley Wilson,39,Australia,2020-11-09,2024-12-03,ATM,-212.91,6573.63,True
911774,Drew Anderson,46,UK,2022-06-13,2024-09-21,Transfer,3252.07,12619.15,False
792517,Sam Anderson,25,Canada,2016-12-14,2023-01-19,Deposit,2074.85,17565.13,False
561079,Jamie Brown,28,Italy,2017-07-24,2023-01-23,Transfer,2685.46,20993.28,True
468452,Jamie Wilson,58,Canada,2020-05-05,2024-02-17,Online,-30.62,3833.25,True
206081,Casey Williams,54,UK,2015-08-30,2023-01-30,Deposit,-263.46,18191.65,False
713333,Casey Anderson,31,Italy,2020-08-05,2023-04-18,ATM,3167.77,17110.7,False
658986,Jamie Williams,47,Netherlands,2015-01-02,2024-01-02,Transfer,4028.2,16282.54,True
210078,Casey Wilson,52,Canada,2021-03-22,2023-10-08,POS,3801.08,7877.92,False
967055,Jordan Jones,38,France,2022-10-19,2023-05-08,POS,2490.93,3695.88,False
122671,Morgan Jones,54,UK,2019-11-04,2023-08-17,Deposit,49.27,11461.72,True
518400,Riley Miller,22,UK,2020-05-03,2023-04-21,POS,3284.24,16349.4,True
455528,Cameron Johnson,36,France,2022-03-21,2023-05-16,POS,830.39,5124.94,False
710490,Taylor Brown,31,India,2020-12-03,2023-12-28,Online,4510.88,15684.36,False
151663,Morgan Davis,43,India,2017-07-06,2023-07-05,ATM,4110.46,21254.68,True
115708,Taylor Williams,21,USA,2023-09-10,2024-10-17,POS,3401.61,20119.42,True
978338,Jordan Davis,42,Spain,2021-02-19,2024-08-06,POS,4718.65,23273.02,False
411955,Sam Miller,62,France,2023-11-12,2023-05-09,Transfer,-327.18,7053.95,False
233883,Cameron Wilson,59,Netherlands,2022-12-28,2023-09-18,Deposit,3549.1,9978.29,False
418394,Sam Smith,42,Australia,2015-03-31,2024-05-29,Online,1316.34,16329.92,True
212547,Morgan Davis,35,Australia,2019-09-06,2024-03-24,Deposit,4483.36,13162.5,False
659042,Sam Thomas,57,Netherlands,2020-12-09,2023-04-14,Transfer,966.71,2808.93,False
851102,Alex Thomas,25,Canada,2015-05-23,2024-04-27,Transfer,3486.71,9214.45,False
862002,Sam Wilson,56,Australia,2023-04-30,2023-08-12,Transfer,4327.06,12756.85,True
242483,Alex Miller,57,Netherlands,2015-04-16,2024-05-05,POS,-270.89,5650.19,False
758271,Casey Davis,31,France,2017-06-05,2024-04-17,Deposit,1687.06,8397.95,True
314835,Sam Anderson,49,Germany,2016-03-03,2023-01-10,Deposit,3692.7,9638.84,True
501896,Cameron Thomas,68,USA,2018-08-21,2024-02-09,Deposit,2002.05,2927.88,False
184896,Morgan Wilson,55,Spain,2020-03-10,2023-10-29,ATM,969.89,13748.07,False
577095,Morgan Jones,50,Canada,2020-06-17,2023-08-19,Online,708.93,12695.05,True
171295,Sam Wilson,40,Netherlands,2015-11-13,2023-03-07,POS,223.35,13325.68,True
843974,Alex Davis,32,France,2020-06-09,2023-04-22,Online,4214.21,8141.18,True
987121,Riley Davis,50,Canada,2016-09-26,2023-01-13,POS,2664.45,8647.98,False
373255,Taylor Wilson,42,UK,2020-04-09,2024-01-28,Deposit,-79.88,12350.48,True
399648,Taylor Thomas,34,Spain,2020-08-18,2024-05-14,ATM,1604.19,13636.78,False
757162,Cameron Smith,50,France,2022-09-22,2024-08-20,ATM,1522.54,11698.51,False
108155,Sam Thomas,64,India,2023-08-11,2023-08-22,Deposit,499.57,7572.79,False
566872,Drew Smith,72,Germany,2024-05-23,2024-08-24,Online,1895.29,20162.62,True
925816,Jordan Davis,19,Canada,2021-03-20,2023-11-10,Transfer,1326.55,8187.98,True
474705,Taylor Wilson,31,India,2018-12-10,2024-07-19,Deposit,1379.92,10546.74,False
671542,Taylor Smith,70,Italy,2016-07-06,2023-01-12,POS,3564.65,17159.12,False
908350,Casey Davis,57,Italy,2024-06-03,2023-07-28,Online,727.95,11634.08,False
710269,Riley Williams,57,Australia,2016-12-16,2023-01-14,Transfer,3030.23,10033.26,False
654594,Jamie Miller,68,Spain,2018-07-11,2024-09-24,ATM,2638.57,11407.9,False
247718,Riley Davis,56,USA,2019-09-10,2024-02-22,POS,2624.51,18534.68,True
408987,Casey Davis,68,Italy,2020-02-27,2024-03-12,ATM,3146.54,8781.31,True
745263,Casey Johnson,23,USA,2024-04-12,2024-01-12,POS,2516.1,5446.98,True
458745,Jamie Smith,23,Canada,2018-01-12,2023-01-20,Transfer,4335.9,10667.85,True
207512,Cameron Smith,20,Canada,2018-09-03,2024-08-09,POS,3215.69,20221.42,False
247443,Riley Williams,24,Netherlands,2015-04-21,2023-03-11,Transfer,2508.3,4379.2,False
570587,Jordan Smith,68,Spain,2015-09-08,2023-07-30,Deposit,4063.7,23898.45,False
473616,Alex Williams,25,Germany,2021-08-27,2023-04-11,Deposit,2833.81,13699.77,False
757409,Morgan Smith,59,UK,2020-08-16,2024-11-28,POS,1101.29,20799.72,True
786976,Drew Brown,69,France,2016-04-03,2023-05-12,Online,639.02,19425.05,True
465871,Morgan Brown,32,Italy,2018-01-12,2024-09-14,ATM,337.8,9448.79,True
475037,Jamie Johnson,64,Germany,2015-07-27,2024-01-16,POS,4447.0,8496.97,False
907364,Drew Williams,46,Netherlands,2017-06-18,2023-05-12,POS,3405.74,6786.95,True
217796,Jamie Jones,50,France,2024-06-23,2023-01-20,ATM,4655.58,9531.37,False
391999,Riley Brown,69,Spain,2024-04-08,2024-06-19,POS,2818.1,17049.74,True
292506,Drew Thomas,47,France,2015-01-22,2023-08-15,ATM,2103.7,7635.4,False
798376,Jordan Brown,56,India,2016-02-14,2023-06-03,Transfer,-171.56,6722.8,True
369544,Casey Johnson,44,India,2017-06-13,2024-04-13,Online,3194.03,12224.73,True
480002,Drew Smith,53,UK,2016-05-29,2024-02-09,Deposit,2702.15,20975.48,True
798002,Casey Thomas,46,France,2023-10-04,2023-07-21,Deposit,4946.15,8815.08,False
639439,Sam Davis,55,Spain,2017-03-19,2023-02-07,Online,815.37,1015.4,True
690978,Morgan Johnson,74,Germany,2017-05-23,2023-07-07,ATM,2419.06,3714.98,False
628787,Drew Williams,50,UK,2015-01-14,2023-02-26,Online,3080.27,21185.12,True
630583,Jordan Jones,54,USA,2017-08-28,2023-01-20,ATM,3045.25,16030.83,False
488215,Drew Johnson,44,Netherlands,2023-04-14,2023-09-30,Online,2587.11,8120.62,True
421184,Drew Smith,72,France,2023-05-20,2023-04-29,POS,3773.1,7399.23,False
898615,Riley Anderson,50,Canada,2023-06-11,2024-08-05,POS,627.4,6583.31,True
522515,Sam Miller,21,Italy,2020-11-04,2024-05-30,Online,3490.95,5875.41,True
768234,Jordan Anderson,39,Australia,2024-11-04,2023-08-09,Transfer,2908.54,21745.04,False
478480,Riley Smith,19,France,2023-02-04,2024-06-09,Online,4428.41,20134.11,False
132711,Sam Wilson,27,USA,2019-04-10,2024-05-29,Deposit,4159.57,13461.15,True
891971,Jordan Davis,22,France,2018-08-17,2024-12-28,POS,1233.31,18546.07,False
601157,Riley Wilson,27,Spain,2018-06-20,2023-12-02,Online,1019.31,6083.53,True
284423,Taylor Davis,50,India,2020-12-09,2024-11-28,Deposit,4899.09,19269.79,True
616349,Taylor Anderson,71,Germany,2023-10-24,2023-02-24,POS,2399.96,19537.0,False
803714,Casey Thomas,55,Germany,2024-12-17,2024-05-14,Transfer,4485.32,11685.02,False
757917,Cameron Wilson,30,Canada,2017-01-19,2024-06-19,Transfer,401.35,15574.89,True
924792,Jamie Davis,48,Netherlands,2024-05-20,2023-06-11,Deposit,3035.5,9007.44,True
837378,Drew Jones,64,Canada,2016-11-15,2024-10-31,Online,3954.23,10001.49,True
233272,Riley Williams,53,Netherlands,2020-04-11,2024-08-16,POS,4710.67,6941.11,True
867836,Jordan Jones,62,India,2021-06-14,2023-06-08,Transfer,1355.37,10212.53,False
802335,Jamie Williams,41,Spain,2016-11-25,2023-07-07,Deposit,3487.4,18108.67,False
907789,Jamie Thomas,69,Italy,2021-05-24,2023-03-01,ATM,2463.47,21273.86,False
743409,Drew Davis,73,Australia,2015-11-03,2023-11-15,Online,-166.54,11949.02,False
177505,Riley Smith,32,Netherlands,2020-06-12,2023-07-30,ATM,3295.0,20571.4,True
102869,Jamie Miller,46,Australia,2023-02-09,2024-02-10,Online,3295.53,19763.17,False
881474,Taylor Wilson,25,Germany,2016-10-23,2024-10-25,POS,4618.34,8167.87,False
554351,Morgan Miller,22,Germany,2016-07-02,2023-04-19,Deposit,2235.22,12002.99,False
412252,Casey Miller,46,India,2024-05-16,2023-03-17,POS,766.38,3193.16,False
736584,Casey Thomas,64,USA,2015-11-08,2024-06-25,ATM,-254.9,13419.95,False
718467,Casey Anderson,21,Australia,2022-12-30,2023-11-10,Deposit,1786.03,20789.03,True
190272,Alex Anderson,29,Netherlands,2017-12-18,2023-04-27,POS,1160.54,3988.62,True
138467,Morgan Johnson,62,Australia,2023-02-19,2024-12-04,POS,3685.99,18390.26,False
909760,Morgan Davis,19,Spain,2019-10-04,2023-01-19,POS,1448.47,14130.01,False
977844,Jamie Anderson,44,USA,2017-01-24,2024-03-07,ATM,4719.89,16433.63,False
580047,Morgan Wilson,48,India,2015-02-04,2024-11-15,POS,4792.71,12656.1,True
759347,Jamie Wilson,68,USA,2016-03-20,2023-12-16,Transfer,2915.0,10082.12,True
158871,Alex Johnson,68,UK,2020-11-10,2023-07-02,Online,4607.63,5608.09,True
228391,Casey Williams,53,Australia,2020-06-05,2023-04-23,Transfer,3684.7,8121.08,False
539430,Sam Williams,53,Australia,2018-05-15,2023-07-02,ATM,2507.73,2909.75,False
710704,Casey Thomas,43,Germany,2015-12-19,2024-04-25,ATM,491.69,12161.89,True
956703,Riley Wilson,60,India,2017-06-21,2023-05-26,POS,2022.29,4228.77,True
930496,Cameron Anderson,44,Australia,2018-09-17,2024-09-19,Deposit,2584.81,20057.9,False
356687,Riley Davis,22,Canada,2022-12-19,2023-04-23,Transfer,4251.79,14762.34,True
825451,Cameron Miller,37,Canada,2019-10-15,2024-04-20,ATM,2147.33,16171.16,False
207450,Riley Wilson,28,Spain,2015-06-08,2023-10-30,Online,4437.21,12713.27,False
271890,Casey Jones,27,Australia,2020-05-31,2023-04-28,ATM,3208.92,14464.46,False
538741,Casey Williams,57,Netherlands,2017-08-14,2023-06-10,Transfer,253.49,19112.41,False
381974,Jordan Williams,55,USA,2020-09-02,2024-02-05,Online,4972.4,6718.81,False
500109,Riley Johnson,23,Germany,2016-02-08,2023-07-17,Online,2399.78,7553.14,True
216381,Cameron Brown,25,India,2022-10-23,2023-09-17,POS,1655.22,17276.99,True
573125,Morgan Williams,40,Netherlands,2016-05-30,2024-10-21,Deposit,3125.13,5190.0,True
671621,Jamie Jones,64,USA,2022-08-11,2023-02-16,Online,98.91,1704.57,False
234508,Drew Anderson,43,Australia,2018-10-19,2024-02-03,POS,3000.96,10295.63,True
829650,Drew Jones,63,Netherlands,2024-06-15,2024-12-10,Deposit,2240.3,4174.44,True
962645,Jordan Williams,60,UK,2022-01-23,2024-07-12,POS,1736.71,13479.77,True
499111,Casey Williams,29,Netherlands,2017-08-13,2023-03-19,ATM,4741.61,9344.49,True
250810,Riley Brown,43,Canada,2021-01-08,2023-05-04,ATM,2373.97,20298.36,False
392890,Casey Smith,30,Australia,2024-12-12,2023-03-16,Deposit,705.15,16396.8,True
673665,Cameron Brown,57,Italy,2019-09-09,2023-05-17,POS,2024.3,16048.43,False
940477,Casey Smith,35,Netherlands,2023-03-14,2024-08-24,Transfer,4556.63,16933.82,False
460032,Alex Anderson,42,India,2016-08-30,2024-02-04,POS,468.53,17751.5,True
469599,Casey Brown,50,UK,2021-10-03,2024-05-19,Transfer,676.76,5215.7,True
760960,Jamie Johnson,64,Australia,2018-06-27,2024-05-14,Online,-428.34,17046.53,False
850020,Alex Thomas,57,Netherlands,2023-09-24,2024-07-26,Online,-421.95,15388.95,True
979611,Casey Wilson,60,France,2022-12-23,2023-05-18,Online,4061.65,19050.05,True
271836,Jamie Wilson,29,UK,2019-03-16,2023-02-19,POS,3526.67,14795.66,False
829903,Riley Brown,61,Italy,2022-03-10,2024-09-10,Deposit,1452.73,6452.99,False
145714,Alex Jones,53,France,2021-07-10,2024-09-16,Transfer,3340.71,11869.31,True
727234,Jamie Johnson,65,UK,2018-12-12,2023-09-11,POS,1673.63,17565.69,True
996048,Jordan Davis,21,Germany,2023-02-27,2024-09-21,Online,4740.93,5473.32,False
730271,Jamie Johnson,22,India,2019-12-03,2024-12-10,ATM,4818.79,20481.6,True
566960,Drew Smith,73,USA,2015-10-22,2024-07-16,Online,1660.37,6537.78,False
811851,Taylor Brown,54,UK,2017-01-24,2024-03-01,Deposit,4198.22,7169.97,True
224123,Drew Jones,25,Italy,2018-10-26,2024-06-30,Online,3751.99,6154.45,False
405628,Jordan Williams,59,Spain,2015-07-05,2023-10-29,Deposit,1205.0,1847.28,False
182989,Jordan Anderson,66,USA,2018-06-23,2024-08-03,ATM,776.22,11295.59,False
398356,Sam Thomas,45,Australia,2016-09-28,2023-12-15,Transfer,2020.29,6463.66,False
929957,Drew Thomas,48,UK,2018-07-15,2023-02-18,Online,3797.42,23587.11,True
278274,Morgan Anderson,26,USA,2024-01-22,2023-03-15,Deposit,4780.92,16312.21,True
787995,Sam Wilson,71,Netherlands,2016-06-13,2024-12-04,Transfer,3699.68,6543.6,False
425352,Jamie Jones,68,UK,2024-12-02,2023-09-18,ATM,4203.64,18010.01,True
920260,Drew Davis,46,France,2020-08-30,2023-12-22,Deposit,2816.85,20781.95,False
511927,Casey Thomas,31,Italy,2023-02-06,2024-08-04,ATM,4094.74,19023.81,True
889852,Drew Smith,57,Canada,2022-12-24,2024-08-24,ATM,3814.31,5435.46,False
983184,Drew Johnson,58,Canada,2017-03-04,2023-09-17,POS,1573.42,19501.52,True
231373,Morgan Williams,39,Italy,2024-10-31,2024-09-29,Transfer,2535.95,18435.14,True
538452,Casey Johnson,28,Spain,2020-11-17,2023-10-22,POS,3926.14,7176.39,False
215294,Taylor Williams,40,Italy,2022-08-31,2024-10-02,ATM,-246.69,883.85,False
559451,Taylor Anderson,18,Netherlands,2016-04-22,2023-11-09,Deposit,3944.44,15134.92,True
748307,Jordan Brown,63,Italy,2019-06-11,2024-09-03,Online,478.38,3683.49,True
165726,Alex Davis,54,Italy,2024-03-23,2023-07-01,POS,2330.76,19039.12,True
241564,Jamie Thomas,38,USA,2017-07-28,2024-11-16,Online,3945.51,11176.37,True
477812,Jamie Jones,43,Australia,2016-06-09,2023-12-30,POS,896.02,19162.58,True
368246,Alex Williams,63,Canada,2021-07-09,2023-07-07,Transfer,851.94,12209.13,False
805696,Casey Jones,53,Spain,2015-01-02,2024-07-22,Online,1715.2,5450.38,True
218015,Jamie Johnson,71,USA,2016-01-10,2024-06-26,POS,4420.54,7298.56,False
840674,Morgan Jones,40,Canada,2021-05-29,2024-08-18,ATM,-497.56,11074.24,False
354079,Drew Williams,74,Australia,2022-11-24,2024-10-25,Deposit,4457.61,19719.09,False
650929,Sam Johnson,18,Italy,2023-05-11,2024-07-01,ATM,345.94,15997.9,True
789944,Cameron Williams,71,Australia,2016-07-06,2024-12-25,Transfer,4945.48,10533.05,True
788105,Taylor Jones,72,Canada,2021-06-23,2024-02-12,Transfer,4751.66,8916.17,False
613758,Taylor Johnson,68,Germany,2019-03-06,2024-09-09,POS,2220.71,2654.16,True
465890,Alex Brown,57,UK,2020-01-26,2024-02-18,ATM,2319.96,15936.02,False
545101,Casey Thomas,32,UK,2016-01-16,2023-12-08,Online,2148.52,3772.23,False
136631,Drew Jones,38,France,2019-07-05,2023-08-08,POS,2994.94,11468.09,True
866577,Jamie Johnson,64,Netherlands,2015-01-14,2023-06-12,POS,-1.03,12072.45,True
172991,Jamie Jones,26,Australia,2016-05-18,2023-08-08,ATM,-320.6,18427.87,True
104014,Sam Jones,70,Italy,2021-03-28,2023-09-27,Deposit,-182.63,6122.23,False
373237,Cameron Anderson,26,Australia,2020-07-01,2024-09-23,Transfer,1944.01,7014.48,True
118070,Jamie Wilson,27,Italy,2023-08-22,2024-02-04,Online,1015.51,14133.3,False
922209,Jordan Thomas,69,Germany,2015-05-10,2023-07-01,Transfer,2921.22,15344.08,False
156958,Alex Davis,74,Germany,2017-04-17,2024-09-09,POS,4958.43,11667.41,False
182074,Riley Thomas,70,Netherlands,2023-10-22,2024-12-29,Deposit,1624.78,20194.01,True
635017,Casey Smith,43,Spain,2023-01-17,2023-07-24,POS,2656.13,19568.89,False
855073,Jordan Williams,58,Canada,2020-08-02,2024-08-04,Deposit,1785.82,6343.07,True
276089,Drew Thomas,52,France,2015-01-28,2024-07-09,ATM,4159.99,9018.93,True
297392,Alex Jones,69,Germany,2020-10-14,2023-08-16,Transfer,4462.3,14757.08,True
258823,Drew Smith,42,USA,2023-11-09,2024-11-26,POS,4325.46,19819.54,True
730152,Taylor Wilson,43,UK,2018-06-06,2024-09-10,Deposit,4859.05,5835.45,False
493002,Cameron Wilson,28,Italy,2015-09-18,2024-08-18,Deposit,-348.64,13548.73,False
833429,Casey Brown,55,India,2020-08-08,2023-09-07,POS,4118.99,17118.88,True
598863,Drew Davis,19,UK,2019-01-12,2024-03-16,Transfer,3634.75,8341.2,False
467654,Jamie Johnson,24,Germany,2018-12-18,2024-06-16,ATM,757.82,14416.74,True
679036,Jamie Miller,35,Germany,2016-04-04,2023-07-15,ATM,4759.76,23569.41,True
630089,Sam Miller,44,USA,2015-10-28,2024-11-20,Online,314.98,1346.02,False
250262,Riley Johnson,51,USA,2023-02-14,2024-06-02,Online,3237.52,9698.6,False
542905,Taylor Miller,44,India,2024-03-28,2023-03-11,Online,736.9,9556.62,False
335362,Sam Wilson,34,UK,2021-05-23,2024-09-30,Transfer,1872.59,19867.87,False
544209,Casey Davis,60,Netherlands,2024-06-28,2024-02-03,Online,3455.38,22704.38,True
653880,Cameron Smith,61,India,2023-06-09,2024-11-02,Online,2598.29,11536.18,False
897079,Jamie Johnson,68,UK,2016-09-21,2023-07-22,Transfer,1851.26,16876.83,True
764076,Riley Jones,71,Germany,2015-09-27,2023-05-28,Online,1294.86,11974.91,True
319963,Riley Johnson,41,UK,2022-03-24,2024-04-16,ATM,4118.13,14920.01,False
580761,Sam Anderson,42,Italy,2020-06-16,2024-10-16,POS,290.98,5925.16,False
348710,Alex Anderson,24,Netherlands,2019-06-17,2023-07-18,ATM,1865.57,6283.0,True
320984,Jamie Davis,69,Germany,2019-12-07,2024-03-01,ATM,4470.67,10301.98,True
997059,Alex Williams,23,Australia,2022-12-01,2024-10-27,Deposit,4152.17,15323.1,True
956748,Cameron Miller,70,Germany,2017-05-11,2024-05-06,POS,1705.18,2385.37,False
882355,Drew Wilson,41,UK,2024-05-25,2023-05-22,ATM,3697.1,21851.35,False
364512,Jamie Smith,50,Canada,2018-07-04,2023-11-09,POS,4027.38,7237.43,True
701863,Morgan Jones,66,Australia,2020-12-20,2023-06-14,ATM,4388.88,8868.64,False
368799,Cameron Brown,46,France,2024-03-01,2023-11-10,Transfer,2494.78,12908.48,False
337549,Casey Wilson,60,Germany,2019-12-05,2023-01-21,Transfer,624.53,14855.81,False
694319,Jamie Johnson,39,India,2019-09-03,2023-03-23,Online,904.2,2909.21,True
584299,Alex Thomas,43,Spain,2023-04-08,2024-08-03,Transfer,1126.32,7548.44,False
712210,Morgan Brown,45,India,2022-01-04,2023-05-11,POS,2765.91,22142.53,False
548982,Casey Anderson,67,India,2021-06-18,2024-08-21,Deposit,-319.55,5001.08,False
224046,Alex Anderson,38,Spain,2016-07-29,2024-12-30,Online,2998.23,9327.93,True
506619,Sam Johnson,66,Germany,2023-01-12,2023-11-01,ATM,1503.95,18250.27,False
132097,Morgan Johnson,24,France,2020-06-26,2024-01-06,Transfer,1123.83,2223.1,True
766326,Jamie Johnson,34,Canada,2018-07-31,2024-01-19,Online,4337.23,13683.03,False
749150,Taylor Wilson,37,Australia,2023-09-28,2024-03-20,Transfer,2030.01,9684.38,True
330229,Casey Anderson,58,Germany,2023-09-14,2024-02-29,Online,22.79,6422.87,True
218834,Casey Davis,66,Italy,2020-05-10,2023-06-10,POS,4047.11,9832.53,True
193848,Jamie Wilson,37,France,2022-06-27,2023-06-27,POS,-237.97,1680.37,True
152921,Morgan Wilson,71,France,2020-07-13,2024-09-20,ATM,3497.12,9862.15,True
805086,Cameron Brown,39,UK,2023-12-20,2024-12-08,Online,3756.48,4713.22,True
750429,Sam Williams,45,Australia,2021-01-21,2024-05-04,Deposit,1439.31,17080.49,True
805660,Drew Anderson,57,India,2021-06-10,2023-11-23,POS,4036.33,12061.06,False
384821,Taylor Johnson,66,Canada,2024-10-08,2024-08-20,ATM,2336.13,11269.82,True
155609,Casey Davis,24,Italy,2019-07-14,2023-10-16,Online,2048.12,19930.65,True
327897,Riley Anderson,18,Australia,2019-04-29,2024-08-15,ATM,-250.28,12945.01,False
131024,Casey Smith,49,Netherlands,2020-01-22,2024-10-25,POS,1095.16,1355.54,True
170313,Casey Jones,30,UK,2021-01-12,2024-07-26,ATM,4620.55,23489.73,True
489957,Drew Thomas,47,Spain,2018-10-22,2024-07-26,Online,1655.03,6474.2,True
284078,Jamie Brown,40,Italy,2019-10-09,2023-12-20,Transfer,2506.85,4748.37,False
457429,Jamie Anderson,68,Australia,2020-04-09,2023-01-28,Deposit,2426.12,17811.87,False
561243,Jamie Miller,73,Spain,2016-09-11,2023-02-12,POS,2747.37,12806.87,True
213632,Riley Anderson,36,Italy,2018-06-28,2024-11-11,Online,-162.68,8569.35,True
351451,Cameron Davis,49,Italy,2017-08-14,2024-02-27,Online,1491.97,6557.08,True
103051,Jamie Miller,47,Canada,2020-04-23,2024-08-20,ATM,3477.21,14471.89,True
804107,Morgan Williams,46,France,2021-07-09,2023-06-26,POS,603.08,6163.33,True
476836,Drew Davis,66,Italy,2017-08-26,2024-06-12,Transfer,619.68,18661.18,False
711523,Morgan Davis,62,Canada,2022-01-02,2024-09-01,Transfer,-444.5,3938.07,True
821772,Alex Miller,46,Australia,2018-08-09,2024-05-08,Deposit,1906.15,19604.82,True
289407,Jamie Davis,47,Netherlands,2017-11-09,2023-07-17,Deposit,4355.04,15587.21,False
549395,Sam Brown,33,Germany,2015-10-09,2024-09-01,ATM,-214.54,16372.37,False
562894,Jamie Smith,57,Germany,2022-10-15,2024-07-30,POS,551.15,14836.79,False
311810,Taylor Anderson,36,France,2023-05-31,2024-05-31,Transfer,1205.46,15169.69,False
827975,Drew Miller,35,Canada,2020-12-06,2024-05-28,POS,3524.49,10078.97,False
173523,Jordan Wilson,18,Netherlands,2017-11-24,2023-01-22,ATM,3023.5,7778.05,False
860463,Jordan Anderson,31,UK,2015-07-17,2023-04-22,POS,1787.69,6084.33,False
194476,Jamie Smith,68,Australia,2021-12-07,2023-02-26,POS,3674.88,20832.99,True
333841,Taylor Davis,64,Italy,2017-12-18,2023-03-07,POS,2852.97,19279.46,False
903451,Taylor Johnson,67,Italy,2022-11-24,2023-04-08,ATM,4428.22,13295.63,True
970045,Jamie Jones,19,Australia,2018-03-30,2023-05-24,ATM,3999.15,6734.0,True
322866,Riley Thomas,71,Australia,2017-10-05,2024-03-10,ATM,890.47,8597.29,True
186672,Sam Johnson,45,Canada,2022-07-01,2024-09-28,Transfer,992.91,13417.84,True
698135,Riley Anderson,66,Italy,2018-05-14,2024-11-09,Online,189.46,9332.08,True
444894,Sam Miller,67,Germany,2017-11-01,2023-03-27,POS,1353.31,16979.08,False
834994,Jamie Anderson,47,France,2016-05-04,2024-08-10,Deposit,4997.49,24950.18,True
128251,Alex Thomas,55,Germany,2015-10-03,2023-12-10,Deposit,1731.63,5635.16,False
727769,Jordan Williams,68,Spain,2022-07-03,2023-10-21,Online,712.69,9959.74,False
474710,Casey Williams,21,USA,2021-04-08,2024-07-24,POS,3693.66,12370.24,True
650233,Jordan Davis,18,Netherlands,2018-05-24,2024-10-11,POS,2483.59,8642.99,False
977284,Jordan Johnson,25,Spain,2018-06-28,2024-09-02,POS,322.81,4364.91,False
132217,Jamie Brown,46,USA,2015-05-06,2024-12-04,ATM,1593.79,3001.06,False
108308,Casey Smith,72,Australia,2015-08-05,2023-08-31,Transfer,1779.58,19533.25,False
368093,Alex Miller,56,Germany,2024-03-31,2024-07-14,ATM,3646.06,12101.05,True
283062,Alex Jones,20,UK,2018-04-23,2023-02-01,POS,-386.31,9601.91,False
494366,Riley Miller,49,France,2023-07-08,2024-01-26,Online,979.61,19326.76,True
844840,Sam Brown,27,Italy,2018-05-31,2023-10-04,POS,2346.78,17894.96,True
200235,Morgan Anderson,27,India,2023-11-30,2024-06-15,POS,978.66,3675.64,True
174740,Sam Thomas,36,India,2021-12-17,2023-06-03,Transfer,2956.39,14308.25,False
478496,Taylor Brown,63,UK,2021-10-10,2024-01-18,POS,2150.27,11051.09,False
953049,Taylor Johnson,51,USA,2023-11-24,2023-03-09,ATM,1489.41,17453.91,True
850201,Drew Davis,50,Germany,2017-07-07,2023-08-02,Deposit,4720.65,19232.88,False
903328,Drew Williams,40,India,2024-07-31,2024-10-16,Transfer,2976.88,16815.95,False
277247,Jamie Thomas,72,Australia,2018-08-10,2024-01-11,Transfer,214.68,7091.52,True
763165,Taylor Williams,45,Germany,2021-01-07,2023-08-01,Transfer,2580.5,18699.28,True
629525,Jamie Jones,49,Netherlands,2021-08-28,2023-03-20,POS,3794.03,4936.62,True
120056,Jamie Jones,67,Germany,2019-07-20,2024-12-26,Transfer,3396.69,6673.23,True
276615,Alex Wilson,24,Spain,2015-11-04,2024-09-19,Transfer,446.49,7225.39,True
287628,Casey Anderson,46,France,2018-09-21,2024-08-26,ATM,4848.31,6476.78,False
738836,Taylor Johnson,25,UK,2020-05-23,2024-01-16,Online,1968.48,6744.87,True
473632,Jamie Miller,18,Germany,2022-08-25,2024-11-10,ATM,374.64,16994.64,False
234415,Drew Jones,74,Germany,2017-06-10,2023-02-27,ATM,491.08,19461.29,True
506716,Sam Jones,72,USA,2016-01-10,2023-01-26,Online,40.29,6201.88,False
546438,Jamie Jones,20,Netherlands,2023-06-07,2024-03-22,Online,3919.35,9283.21,True
653663,Morgan Davis,41,Germany,2020-07-26,2023-03-07,Transfer,171.17,5841.03,False
765022,Jamie Johnson,40,India,2018-09-26,2023-09-11,ATM,188.19,5814.8,True
641252,Morgan Davis,25,Germany,2015-05-09,2023-02-13,POS,4177.59,4992.6,True
737717,Drew Miller,71,Italy,2017-10-11,2023-04-07,Deposit,1395.32,19940.96,True
352764,Drew Jones,74,Germany,2019-12-05,2024-07-07,Deposit,-330.28,4022.31,True
814998,Casey Smith,64,Australia,2022-06-09,2023-08-15,Deposit,-214.58,8243.5,False
566882,Sam Jones,54,Spain,2024-05-16,2024-11-09,ATM,281.94,574.71,True
840427,Alex Thomas,20,France,2018-10-13,2024-03-11,Online,673.66,17846.97,True
612153,Alex Thomas,68,Italy,2016-05-31,2024-08-23,Transfer,3158.3,17808.33,True
167215,Jamie Jones,50,Netherlands,2019-02-27,2024-01-14,Transfer,365.29,19305.74,True
955474,Morgan Thomas,45,Australia,2015-03-27,2023-06-27,Deposit,153.81,15807.96,False
244356,Riley Williams,64,Spain,2018-04-13,2024-03-02,Transfer,3705.96,10048.72,True
303861,Morgan Thomas,25,France,2023-12-09,2024-12-09,POS,3190.8,8223.48,False
455612,Casey Brown,51,France,2021-06-16,2023-11-03,POS,1894.28,15878.83,True
554605,Jordan Smith,52,Spain,2018-02-16,2024-05-18,Online,2521.2,9867.04,False
109435,Casey Wilson,49,Australia,2024-01-03,2023-09-25,Transfer,1215.91,12583.59,True
547556,Alex Thomas,41,Netherlands,2021-10-10,2024-08-08,ATM,2153.75,2378.27,True
799438,Riley Brown,31,Netherlands,2020-06-16,2023-01-08,Transfer,2286.7,3618.23,False
965264,Jordan Jones,49,USA,2024-07-17,2024-05-22,ATM,1629.8,12383.62,False
675581,Riley Davis,73,Netherlands,2020-12-01,2024-04-20,Deposit,4486.15,15850.98,False
178781,Taylor Williams,63,Spain,2023-10-22,2023-10-24,ATM,-411.66,14642.25,True
291475,Taylor Anderson,60,Germany,2024-11-18,2023-06-13,Deposit,3801.94,6528.05,True
260196,Riley Anderson,33,Spain,2015-10-30,2024-04-29,POS,184.11,10496.45,True
326507,Cameron Jones,21,Spain,2022-08-23,2024-08-19,Transfer,3886.51,7856.02,False
406063,Taylor Jones,69,Italy,2016-08-10,2023-03-13,Online,2887.52,4842.12,True
864121,Jamie Jones,54,UK,2017-09-13,2024-07-20,Transfer,4138.03,12406.9,True
876665,Riley Johnson,71,India,2020-02-07,2024-07-12,Deposit,36.33,3386.73,False
790607,Jamie Johnson,38,Germany,2015-12-11,2023-08-26,Transfer,2574.39,7087.85,False
221172,Taylor Williams,31,Canada,2017-03-24,2023-04-14,Online,2255.98,8675.32,False
456902,Sam Anderson,48,UK,2020-06-10,2023-07-29,Deposit,3384.06,8645.89,False
584963,Riley Johnson,72,France,2022-10-19,2024-07-07,Deposit,2438.6,4281.67,False
555968,Sam Smith,65,Australia,2023-05-31,2024-04-12,Online,2474.04,4363.37,True
418717,Casey Anderson,35,India,2023-10-24,2024-03-29,Transfer,1862.78,5808.44,False
159101,Jordan Wilson,24,India,2018-08-03,2023-09-25,Online,1198.59,2304.72,False
595972,Riley Jones,27,Italy,2020-06-22,2024-01-21,ATM,2152.45,14718.94,False
388790,Drew Davis,24,France,2019-08-05,2024-01-22,POS,151.71,5969.51,True
990617,Riley Johnson,50,Canada,2023-07-22,2023-09-16,Online,4788.32,10455.26,True
647337,Morgan Wilson,40,Germany,2018-08-20,2023-10-10,Deposit,3429.26,10136.03,False
834965,Alex Thomas,38,Spain,2017-12-28,2024-09-17,ATM,4738.57,18028.22,True
460260,Cameron Miller,36,Germany,2021-08-05,2023-02-09,POS,747.0,18172.61,True
983811,Drew Williams,65,Italy,2024-01-05,2024-04-30,Online,4336.38,19542.21,False
692673,Jordan Wilson,36,India,2017-10-06,2023-08-08,POS,3948.34,18526.17,False
750419,Casey Davis,53,Germany,2016-12-04,2023-05-09,Transfer,3224.34,12963.72,False
533374,Jordan Brown,46,Netherlands,2016-07-28,2024-06-03,Deposit,2937.66,16844.39,True
820777,Alex Smith,35,Australia,2019-05-28,2024-09-04,Online,1241.02,12340.99,False
647577,Casey Wilson,19,Spain,2023-11-07,2024-11-18,Deposit,3990.26,8393.65,False
472370,Jordan Johnson,18,France,2018-01-17,2024-09-10,ATM,2258.34,6509.25,False
987225,Morgan Anderson,64,Netherlands,2016-11-18,2024-09-04,ATM,-110.1,5888.1,False
371967,Taylor Davis,22,Netherlands,2022-09-29,2023-09-17,POS,1220.75,19445.72,False
291232,Jamie Miller,37,Netherlands,2022-03-17,2024-01-01,ATM,4644.13,15637.69,False
404119,Cameron Davis,28,Canada,2022-03-21,2024-06-27,ATM,4178.74,18883.46,False
109540,Drew Brown,59,Spain,2023-11-05,2024-10-10,Online,4900.48,11897.0,True
640652,Sam Johnson,19,Canada,2016-05-03,2024-06-07,Deposit,2953.96,11167.5,True
497827,Jamie Thomas,20,Canada,2023-04-07,2023-01-16,POS,861.31,3460.07,True
651951,Sam Jones,40,Australia,2018-09-09,2023-05-09,ATM,395.48,3904.25,False
151991,Alex Miller,72,Netherlands,2024-06-14,2024-07-28,Deposit,528.03,17092.43,True
288751,Morgan Wilson,29,Canada,2023-09-09,2023-04-19,Transfer,-391.12,11347.17,True
466326,Jamie Williams,37,Australia,2016-05-08,2024-06-16,Online,1648.75,8465.65,False
786337,Riley Johnson,22,UK,2019-07-26,2024-10-31,ATM,552.85,16629.59,True
718992,Riley Anderson,54,Australia,2019-06-26,2023-09-26,ATM,1764.11,6769.86,True
149115,Riley Smith,55,UK,2015-01-19,2023-06-11,ATM,4642.47,24165.52,True
453151,Sam Jones,47,USA,2024-08-26,2023-09-17,Deposit,1867.97,8829.84,True
843583,Morgan Johnson,26,UK,2024-09-23,2023-04-12,Online,4328.91,11141.4,False
291962,Jamie Johnson,51,UK,2021-09-10,2024-05-20,Online,2830.28,9137.33,True
821747,Morgan Thomas,70,Italy,2017-09-27,2024-07-24,Deposit,859.22,3389.24,True
249143,Alex Smith,61,Canada,2024-03-04,2023-09-04,POS,1457.2,3768.83,False
814635,Riley Williams,52,Germany,2017-04-30,2024-10-01,Online,-38.44,12958.85,False
636226,Taylor Thomas,69,USA,2018-10-20,2024-06-20,Deposit,1334.04,18848.89,True
453824,Morgan Johnson,39,Canada,2018-09-16,2023-05-11,Deposit,3226.48,19057.84,False
104000,Cameron Williams,61,UK,2018-09-29,2023-12-19,ATM,-103.39,2804.65,False
825948,Drew Williams,41,Germany,2017-04-01,2023-07-15,Deposit,629.71,11586.79,True
987474,Morgan Miller,34,Australia,2016-03-30,2024-10-27,ATM,1597.93,3799.2,False
455754,Taylor Thomas,27,Netherlands,2019-06-13,2024-01-17,Transfer,4901.27,5902.63,True
351492,Alex Jones,47,Spain,2022-08-04,2024-10-06,Deposit,3816.74,16978.82,False
990123,Taylor Brown,73,UK,2023-08-03,2023-08-15,Online,3534.18,14283.71,True
599522,Cameron Jones,63,India,2023-08-14,2024-12-01,ATM,139.05,1871.32,False
591072,Taylor Johnson,40,India,2016-12-11,2024-04-20,Transfer,3795.48,4590.77,False
138304,Alex Brown,49,Netherlands,2020-12-30,2024-04-21,POS,3818.98,23615.13,True
604999,Alex Miller,34,Netherlands,2017-07-05,2023-09-22,POS,2806.06,3503.48,True
431593,Morgan Thomas,67,UK,2022-11-15,2024-01-07,POS,4946.99,13893.1,True
707274,Riley Smith,68,UK,2022-04-06,2024-04-30,ATM,1288.9,11430.82,True
251836,Taylor Jones,34,Australia,2019-02-05,2024-03-09,Deposit,4677.0,7110.87,False
208940,Alex Brown,31,Australia,2018-12-11,2024-10-07,ATM,4531.02,7995.35,True
924926,Sam Anderson,26,Italy,2015-11-01,2023-07-30,POS,-436.86,6664.06,True
365517,Jordan Johnson,57,UK,2017-01-05,2024-07-25,Deposit,1975.64,17232.99,True
767521,Jamie Wilson,19,UK,2024-10-08,2024-01-12,Transfer,4874.07,15065.01,False
721820,Riley Anderson,62,Australia,2021-05-27,2024-01-30,POS,67.17,12861.42,False
979090,Drew Johnson,42,France,2020-05-17,2024-03-25,Online,2512.82,22217.79,True
485777,Jamie Anderson,56,Australia,2020-11-19,2023-12-30,Deposit,4884.27,20267.58,True
724674,Morgan Thomas,26,France,2020-07-02,2024-04-01,ATM,2555.22,11299.01,False
651638,Alex Anderson,71,UK,2024-02-21,2024-12-25,ATM,543.98,9528.17,True
717296,Casey Wilson,39,Australia,2022-12-24,2024-12-28,Online,2702.01,15115.57,True
980729,Alex Smith,60,Italy,2023-04-04,2023-08-14,ATM,624.42,13965.19,False
649639,Jamie Davis,63,Canada,2023-04-10,2023-05-11,Online,2358.37,12422.52,False
712956,Sam Johnson,21,USA,2022-11-29,2024-08-10,POS,-92.77,12839.97,True
738873,Jamie Wilson,43,USA,2017-08-19,2024-04-20,POS,2830.15,3398.45,True
437497,Jordan Johnson,46,Australia,2023-03-09,2023-10-04,ATM,2342.34,10991.83,True
307869,Riley Thomas,62,Canada,2017-10-23,2023-06-05,Deposit,3570.89,9221.76,False
165953,Taylor Johnson,51,Germany,2020-11-02,2023-08-06,ATM,2968.85,5639.42,False
943890,Taylor Jones,40,Germany,2021-07-03,2023-07-09,POS,2522.83,4603.81,False
600328,Drew Thomas,54,India,2022-11-03,2024-02-21,Deposit,3293.78,15397.3,False
906790,Cameron Miller,28,Australia,2019-01-13,2024-11-05,Online,291.68,10811.33,True
103267,Sam Thomas,23,France,2021-11-06,2024-11-22,POS,2774.48,7920.8,True
182745,Cameron Jones,35,Spain,2020-05-01,2024-06-29,Online,446.61,9918.52,False
976020,Jamie Anderson,38,France,2022-04-30,2023-02-10,Transfer,4590.37,14485.79,True
924945,Drew Davis,59,Italy,2024-01-06,2023-11-03,Deposit,-124.16,3856.52,False
257164,Jordan Johnson,53,USA,2018-03-23,2023-12-04,POS,1867.06,14943.71,False
635626,Cameron Williams,58,Spain,2016-10-26,2023-11-10,Online,3326.89,18967.19,True
231484,Sam Wilson,55,Italy,2015-01-12,2023-03-16,Online,2019.12,17869.24,False
631831,Morgan Davis,51,Netherlands,2018-03-02,2023-10-06,Online,6.52,12095.67,False
992323,Riley Wilson,34,India,2015-10-31,2023-06-25,ATM,2543.58,12825.19,False
160692,Sam Davis,54,Germany,2024-03-18,2024-10-23,ATM,3028.98,4343.02,True
320156,Jordan Miller,42,Germany,2023-04-11,2023-09-30,Transfer,3370.86,9198.7,False
323992,Sam Miller,55,France,2024-03-25,2024-09-11,Transfer,1552.93,3509.03,False
616771,Casey Miller,29,USA,2019-10-30,2024-10-12,Online,2600.13,21880.21,True
930857,Taylor Wilson,40,UK,2022-10-01,2023-10-16,ATM,1978.78,4766.87,False
663044,Jordan Johnson,70,USA,2015-02-12,2024-12-24,Deposit,3196.31,6316.64,False
643176,Jordan Johnson,59,Italy,2017-08-01,2023-09-29,Deposit,2709.56,20512.13,False
791095,Sam Johnson,39,Italy,2021-07-18,2023-03-07,Online,2391.66,21275.83,False
933727,Riley Brown,38,Italy,2018-09-11,2024-04-27,ATM,872.38,16212.38,False
214352,Cameron Smith,44,Australia,2021-12-20,2023-09-05,Deposit,-488.9,331.34,True
969474,Drew Anderson,74,Netherlands,2021-08-08,2023-06-05,ATM,457.45,584.24,True
185999,Cameron Miller,48,UK,2017-06-09,2023-02-16,Transfer,143.86,7768.07,False
117955,Jordan Davis,23,UK,2021-10-10,2024-03-29,Online,1969.97,4923.54,True
924273,Riley Davis,44,Canada,2017-10-01,2023-07-20,Online,2867.42,3333.3,True
170640,Alex Jones,57,USA,2015-01-21,2024-10-21,ATM,671.97,10006.9,True
296582,Drew Jones,51,Netherlands,2016-02-11,2023-05-04,ATM,4664.81,23531.74,False
844086,Riley Johnson,29,Italy,2022-04-20,2023-01-01,POS,-463.25,6080.76,True
500573,Drew Anderson,62,Spain,2017-10-11,2024-10-01,Deposit,3747.66,17004.36,True
525695,Morgan Brown,74,India,2015-12-02,2023-07-10,Transfer,2938.63,16018.11,True
161476,Jamie Williams,70,USA,2020-01-13,2024-08-01,Deposit,1554.55,6651.04,True
406955,Jordan Miller,24,Australia,2023-09-24,2024-05-30,POS,-222.31,12821.15,False
267280,Cameron Miller,27,UK,2018-02-21,2024-03-17,ATM,2951.18,7276.63,True
775510,Jordan Jones,62,Germany,2021-09-12,2023-05-23,Deposit,1620.87,4148.82,True
695468,Drew Williams,34,Germany,2022-10-11,2023-07-10,Online,4649.47,18707.0,False
798646,Sam Anderson,43,India,2020-01-02,2024-06-16,Deposit,2480.95,4838.42,False
737144,Drew Thomas,38,Netherlands,2016-12-15,2023-08-15,ATM,4668.08,24606.57,True
954882,Cameron Smith,45,France,2015-02-20,2023-11-09,Deposit,712.66,4463.36,False
514568,Drew Jones,63,UK,2015-11-20,2024-09-20,POS,3491.49,15414.91,False
286141,Alex Brown,19,USA,2017-02-27,2023-10-29,Transfer,2894.87,11181.22,False
998320,Casey Jones,71,France,2015-05-21,2024-10-15,ATM,3566.75,6181.84,True
734736,Riley Miller,60,Australia,2016-04-14,2024-04-04,Online,680.67,1334.76,True
638685,Alex Brown,18,India,2017-02-25,2024-02-05,POS,3157.47,15649.84,False
278031,Taylor Thomas,68,UK,2019-12-31,2024-07-04,ATM,2239.22,18393.7,True
219180,Sam Johnson,70,Canada,2018-09-19,2024-01-28,Online,3585.54,20441.65,True
166234,Taylor Smith,53,Spain,2020-03-31,2023-07-26,Online,1298.75,11004.75,True
664242,Jordan Anderson,68,UK,2017-08-21,2023-07-29,ATM,4395.31,19966.67,True
278352,Morgan Davis,43,Germany,2023-05-14,2023-04-25,POS,-36.34,13453.32,True
179459,Sam Wilson,46,India,2016-01-08,2024-10-07,Online,3939.54,18452.21,True
509995,Riley Brown,38,Canada,2024-12-14,2023-09-08,Transfer,4237.26,14139.98,True
295004,Riley Jones,28,Italy,2021-12-16,2023-08-07,POS,3994.89,16699.78,True
566152,Riley Thomas,57,USA,2024-11-19,2024-02-11,Online,2320.0,18449.97,True
825256,Drew Johnson,28,France,2019-08-20,2024-03-18,ATM,1911.12,9929.02,True
159163,Alex Brown,53,Canada,2022-08-30,2024-08-25,ATM,4979.44,21118.42,False
575853,Taylor Thomas,66,India,2018-03-25,2023-12-20,POS,760.45,12641.59,True
151934,Alex Johnson,56,Germany,2021-05-27,2024-07-11,Online,2507.82,5909.25,False
820255,Casey Wilson,57,India,2019-07-30,2024-07-03,Online,3188.72,3779.93,True
525523,Sam Wilson,52,Italy,2023-10-21,2023-05-22,POS,3354.77,10673.57,False
940530,Drew Wilson,71,Australia,2015-04-16,2024-09-03,POS,622.14,11601.4,True
554137,Sam Jones,51,Spain,2018-12-14,2024-05-15,POS,3096.97,19909.4,True
105486,Morgan Anderson,72,Italy,2022-06-10,2024-12-02,Transfer,4001.03,6638.0,False
239407,Jordan Miller,64,Canada,2019-08-09,2024-06-30,Transfer,-224.9,15799.21,False
973332,Sam Johnson,41,USA,2015-01-02,2024-10-20,Transfer,4513.37,21787.25,False
750308,Casey Thomas,71,Australia,2022-03-21,2024-06-25,ATM,-337.73,2760.95,True
727083,Jamie Anderson,39,Spain,2022-05-15,2024-05-21,Transfer,1457.84,18504.57,True
320184,Casey Smith,22,UK,2020-11-07,2024-08-18,Transfer,-413.03,19416.9,False
766490,Morgan Davis,73,USA,2024-05-09,2023-10-08,Transfer,-75.7,14488.39,True
449652,Drew Smith,50,Italy,2015-12-16,2024-02-28,Online,4511.43,20228.35,True
861315,Alex Williams,53,Germany,2024-08-31,2023-09-27,Deposit,1451.73,21340.59,False
742612,Casey Williams,64,USA,2018-07-10,2023-06-03,Transfer,1836.24,13985.32,True
422710,Taylor Jones,37,Spain,2024-05-15,2024-09-05,POS,684.39,6911.33,False
297775,Casey Miller,36,India,2023-09-15,2024-12-27,Transfer,2784.03,19550.89,False
389336,Jordan Smith,52,India,2017-11-28,2024-10-23,Deposit,2771.42,15099.69,True
887494,Jamie Davis,69,India,2023-02-04,2023-03-24,ATM,1547.1,13212.89,True
708364,Taylor Brown,60,Italy,2021-01-15,2024-09-13,ATM,1331.69,6479.04,False
189780,Sam Anderson,34,Spain,2023-03-26,2024-03-01,Transfer,4367.3,19518.35,False
252617,Morgan Anderson,62,UK,2021-06-17,2023-10-02,POS,1608.06,3333.24,True
645977,Cameron Miller,60,France,2024-01-26,2024-12-13,POS,2214.26,20707.57,True
897606,Jordan Davis,51,Netherlands,2016-03-20,2023-10-11,Online,1058.18,7642.07,True
450605,Alex Davis,26,Netherlands,2021-06-03,2023-06-22,POS,3827.23,6469.95,True
989465,Alex Wilson,43,Germany,2017-08-09,2023-11-23,Online,1685.96,10589.05,False
633636,Jordan Miller,19,Spain,2015-02-05,2024-12-18,Online,2324.86,3270.01,True
138102,Drew Davis,70,Australia,2018-01-12,2023-03-04,POS,893.46,14617.52,True
174460,Drew Davis,26,Italy,2019-01-15,2023-03-14,POS,4932.13,22995.97,True
464778,Sam Jones,26,Italy,2019-12-04,2024-09-27,Online,1103.23,17864.76,False
189930,Jordan Davis,57,Canada,2020-01-20,2024-01-10,ATM,3739.08,6373.73,True
631089,Alex Miller,34,India,2018-11-09,2024-09-24,Transfer,1851.23,4464.03,True
727438,Taylor Thomas,18,Italy,2018-04-10,2024-05-22,ATM,634.2,16921.55,True
827627,Jamie Miller,42,USA,2018-10-31,2024-02-02,POS,3898.45,22391.11,False
279208,Jordan Davis,60,India,2019-09-05,2023-04-30,Deposit,1334.84,10602.17,True
254697,Jordan Williams,57,France,2018-10-17,2024-03-12,POS,4258.56,14288.09,True
313945,Sam Thomas,59,Germany,2022-02-19,2024-11-06,Online,4533.91,10967.32,False
331915,Sam Anderson,42,USA,2023-01-17,2024-04-09,Deposit,4229.03,22124.91,False
827952,Jordan Davis,56,USA,2020-12-28,2023-10-13,Deposit,-307.46,12626.11,False
308124,Casey Miller,52,France,2023-01-13,2023-09-22,Transfer,3830.55,9666.76,True
537477,Morgan Miller,20,Canada,2023-09-25,2023-11-16,POS,1762.37,7808.15,False
625830,Taylor Johnson,67,Italy,2018-07-24,2024-11-03,Transfer,4305.48,22140.36,True
383821,Cameron Johnson,54,Canada,2022-08-05,2024-01-11,ATM,3008.75,3380.07,False
277804,Cameron Anderson,61,Italy,2018-05-28,2023-03-30,Deposit,4085.04,10607.3,False
805703,Morgan Miller,61,Spain,2023-06-25,2024-10-15,Transfer,2246.87,13378.57,False
139081,Riley Brown,68,Spain,2016-06-04,2023-07-22,ATM,2442.64,5492.17,True
818216,Morgan Johnson,47,USA,2019-12-12,2023-11-30,POS,294.13,2226.9,False
455249,Taylor Jones,55,USA,2015-01-10,2023-08-10,POS,3811.93,20135.93,True
319930,Morgan Brown,51,UK,2017-09-10,2023-02-10,Online,1806.64,19705.29,False
905497,Drew Brown,29,France,2021-08-22,2024-12-08,ATM,2250.44,18740.21,False
617313,Jordan Brown,36,Netherlands,2019-07-15,2023-03-09,ATM,3818.04,21803.92,True
314532,Jamie Wilson,54,Spain,2019-07-19,2024-05-28,Transfer,2793.65,13900.58,True
712380,Drew Thomas,61,France,2022-06-22,2024-09-28,Deposit,606.04,16869.98,False
619332,Jamie Thomas,66,USA,2022-03-16,2024-09-13,Deposit,2746.28,10488.73,False
416837,Drew Miller,34,Canada,2021-01-08,2024-08-20,Online,1741.98,15100.71,False
389106,Riley Brown,27,USA,2016-12-20,2024-09-23,Online,2082.39,21860.22,True
128295,Jamie Johnson,74,Canada,2017-12-08,2023-05-07,Online,-344.29,4247.69,True
113807,Jamie Wilson,72,Italy,2023-10-31,2023-09-12,ATM,655.16,8514.16,True
535564,Casey Jones,66,Netherlands,2017-05-08,2024-11-25,POS,1045.71,10698.65,True
257504,Drew Smith,64,Australia,2018-08-09,2023-01-16,POS,3421.28,6267.79,True
338067,Riley Anderson,29,Australia,2019-05-23,2024-04-21,Transfer,-436.79,1275.88,False
585008,Jordan Jones,33,Australia,2015-02-19,2023-03-03,Deposit,1748.27,18359.76,True
792440,Jamie Wilson,41,Italy,2022-06-04,2024-03-07,Deposit,4582.15,24120.36,False
494540,Alex Smith,36,USA,2022-01-22,2024-10-31,Transfer,115.34,8269.37,False
977699,Riley Jones,25,UK,2023-07-29,2023-09-25,ATM,2340.33,4184.56,False
617923,Jordan Johnson,48,USA,2023-11-13,2023-02-04,POS,3825.87,5235.52,True
266981,Drew Thomas,38,Spain,2023-12-18,2024-07-29,Online,4683.92,22521.15,True
844699,Cameron Davis,34,Australia,2022-12-14,2024-05-08,POS,3607.27,12937.17,False
119870,Jamie Thomas,40,USA,2015-05-26,2024-07-15,Transfer,3463.11,9931.65,False
303196,Cameron Smith,54,India,2017-07-03,2024-04-13,POS,4045.68,13627.26,False
348683,Jamie Thomas,71,India,2023-04-29,2024-10-22,Online,1954.11,8388.36,False
334677,Morgan Miller,33,Spain,2019-01-02,2023-11-21,Deposit,3932.14,13763.95,False
126790,Drew Wilson,23,Italy,2021-04-08,2023-10-31,Transfer,-456.2,16748.97,False
743162,Cameron Brown,25,UK,2016-08-03,2023-10-03,ATM,4585.09,16471.89,False
911721,Alex Wilson,42,France,2022-06-27,2024-11-14,POS,1938.19,15861.8,True
548345,Jordan Miller,35,Italy,2019-05-04,2023-07-20,POS,2543.59,9900.54,False
849074,Jordan Anderson,42,Italy,2016-04-27,2024-03-20,ATM,901.85,15698.12,False
587462,Taylor Smith,29,USA,2023-09-15,2023-11-20,ATM,3583.92,16949.6,True
639773,Morgan Wilson,32,Australia,2018-06-03,2023-02-04,Online,-78.5,2400.78,False
930914,Jamie Anderson,43,Germany,2016-11-03,2024-04-26,POS,4299.5,15795.09,False
186188,Cameron Thomas,58,India,2016-09-22,2024-12-28,Transfer,4054.64,9263.84,False
629036,Taylor Miller,62,Australia,2022-06-01,2024-04-24,POS,688.33,16789.83,False
842129,Riley Jones,43,Canada,2016-10-23,2023-03-06,Online,3951.28,12527.44,False
764795,Sam Davis,64,Italy,2024-08-04,2023-01-08,Transfer,3824.97,23719.18,False
890141,Riley Thomas,49,Canada,2022-10-23,2023-10-28,Transfer,2977.19,4917.95,True
748249,Alex Miller,27,Canada,2021-10-02,2023-12-09,Transfer,1554.36,17183.28,True
130355,Jordan Miller,33,France,2017-09-14,2024-03-06,Online,993.24,14499.9,True
811131,Jordan Anderson,24,France,2024-08-27,2024-02-28,POS,774.81,16148.04,False
551015,Sam Jones,34,France,2023-11-06,2023-11-28,Deposit,1252.35,7472.19,True
506332,Casey Thomas,40,Netherlands,2019-03-27,2024-03-13,Transfer,4469.57,14361.45,True
256542,Taylor Miller,43,Canada,2016-10-11,2024-08-10,ATM,-72.98,15877.54,True
273416,Jordan Thomas,38,USA,2017-08-26,2023-06-23,Online,4058.79,8786.36,False
405062,Taylor Miller,39,Canada,2022-03-22,2024-07-12,Transfer,1418.9,6016.96,False
938656,Casey Davis,24,Italy,2018-01-05,2024-06-10,Online,2368.8,13434.71,True
663586,Taylor Thomas,31,France,2021-12-31,2024-10-20,ATM,3869.67,14388.59,True
601708,Jordan Jones,32,Italy,2016-03-16,2023-01-26,Transfer,4364.07,10081.09,False
966651,Cameron Davis,70,France,2024-02-08,2024-08-27,POS,1396.3,7428.01,True
161629,Riley Brown,24,Netherlands,2017-07-09,2024-02-10,Online,2040.14,7669.26,True
428184,Cameron Johnson,26,USA,2017-02-08,2023-08-20,Transfer,1779.84,17232.93,True
592734,Sam Anderson,68,Spain,2018-09-05,2024-06-16,Transfer,-427.12,12645.71,False
855195,Riley Smith,65,France,2020-01-01,2024-07-03,Online,1127.69,17792.79,False
390160,Riley Jones,25,Germany,2015-09-20,2024-05-19,ATM,2025.54,21537.45,True
648248,Taylor Williams,67,Netherlands,2019-04-27,2024-10-30,Online,1761.01,11296.88,True
920023,Riley Wilson,40,India,2024-06-07,2023-06-28,Deposit,3470.61,4897.82,False
313920,Morgan Williams,46,India,2022-05-08,2023-05-12,POS,1616.42,2673.46,True
989765,Taylor Brown,35,Germany,2023-11-13,2024-03-30,ATM,2191.57,8175.3,False
342804,Jordan Jones,48,Netherlands,2021-11-11,2023-12-14,POS,1862.85,20520.49,True
476965,Jordan Anderson,47,USA,2017-09-25,2024-06-23,POS,3573.44,14085.38,True
560857,Cameron Anderson,69,Canada,2024-03-05,2024-02-10,Online,4246.35,9754.9,False
922827,Alex Miller,56,France,2016-11-30,2023-03-17,Deposit,2425.39,10468.81,False
604492,Drew Brown,52,UK,2021-06-07,2024-08-01,Transfer,3841.88,15853.92,False
753983,Drew Davis,35,Italy,2024-11-11,2024-05-06,Deposit,1132.33,14226.03,True
515916,Taylor Brown,59,Spain,2019-05-23,2023-07-13,ATM,2477.53,5640.53,True
921052,Taylor Thomas,56,India,2018-05-26,2023-06-11,Deposit,1398.76,20941.69,False
858574,Taylor Wilson,34,Italy,2018-01-30,2023-12-13,POS,1778.11,12719.08,False
228148,Alex Davis,31,Spain,2022-02-14,2023-12-27,Transfer,3528.28,6328.48,True
906991,Riley Williams,48,Netherlands,2021-05-24,2024-08-06,Deposit,4349.14,22232.48,True
586261,Jamie Thomas,41,Spain,2018-04-05,2023-03-28,Transfer,168.22,1753.52,False
455540,Casey Wilson,52,Italy,2022-04-22,2023-09-19,Deposit,2990.52,21154.46,True
292714,Morgan Anderson,61,India,2017-10-02,2023-08-02,Transfer,2701.79,22633.45,True
831899,Morgan Jones,62,Canada,2015-02-05,2024-10-26,Deposit,151.28,14189.87,True
383876,Jamie Williams,51,France,2017-01-13,2024-12-22,ATM,665.42,16097.32,True
359747,Riley Thomas,20,Spain,2019-10-31,2024-07-26,Transfer,1210.51,8022.84,True
715650,Jamie Wilson,54,India,2015-12-19,2023-09-19,Online,418.12,19255.5,False
523570,Casey Davis,60,Germany,2020-04-06,2024-12-30,POS,840.51,11481.82,True
375987,Cameron Anderson,57,Netherlands,2015-03-14,2023-10-10,Transfer,971.8,15646.33,True
738353,Sam Brown,43,Spain,2022-05-19,2024-10-09,POS,1346.21,19835.95,True
958158,Morgan Thomas,72,Canada,2018-10-08,2024-04-11,Deposit,3621.65,23127.73,True
117640,Taylor Jones,40,Italy,2020-03-29,2024-01-15,Deposit,2645.52,19326.29,False
152528,Alex Wilson,61,Spain,2017-12-29,2023-12-28,Deposit,4924.36,11054.41,False
924845,Riley Anderson,56,France,2021-10-08,2024-03-24,Deposit,1781.05,21115.35,False
359214,Jordan Anderson,32,Netherlands,2023-05-05,2024-03-16,Deposit,3646.26,16245.84,False
939070,Jordan Jones,73,India,2016-12-08,2023-04-03,ATM,4293.08,22912.87,False
601108,Jordan Brown,66,Germany,2019-12-10,2024-09-12,POS,3234.38,16788.87,True
734421,Casey Wilson,21,Spain,2022-02-21,2024-02-28,Transfer,1765.26,7979.32,True
468501,Cameron Brown,46,Italy,2022-11-15,2023-05-22,ATM,3644.77,11108.26,True
824226,Sam Johnson,39,France,2017-08-13,2023-10-18,ATM,620.17,11674.56,True
250159,Morgan Wilson,42,Italy,2022-01-08,2024-03-07,ATM,1301.54,17122.84,False
272502,Riley Smith,30,Spain,2021-10-11,2024-11-19,ATM,2506.77,8934.62,False
255576,Sam Smith,35,USA,2024-11-19,2024-10-14,ATM,2664.75,14301.4,False
965291,Sam Anderson,50,India,2015-06-09,2024-12-01,POS,-378.22,6599.72,False
986089,Riley Williams,33,Germany,2021-01-05,2023-02-18,Transfer,4698.13,21031.94,True
111023,Sam Johnson,62,India,2022-09-24,2023-10-29,POS,3331.45,12719.34,True
645735,Riley Williams,59,Australia,2024-01-15,2023-07-09,Transfer,2226.37,3853.15,False
488043,Alex Miller,61,Canada,2019-10-02,2023-05-16,ATM,4632.2,8036.65,False
386103,Jordan Miller,19,Australia,2019-05-05,2024-07-08,ATM,1915.03,3231.01,True
166203,Taylor Brown,72,UK,2015-03-08,2024-02-08,Deposit,4892.4,14928.53,False
260775,Alex Jones,52,Netherlands,2023-05-20,2024-08-24,Online,2317.57,4533.68,True
109337,Jamie Brown,59,Germany,2021-08-25,2023-12-07,Online,128.57,2499.96,False
670715,Jamie Wilson,51,Netherlands,2015-02-27,2024-12-04,POS,3706.41,22533.27,True
614723,Drew Smith,47,France,2024-02-13,2023-11-14,POS,3233.94,20699.78,True
423673,Jordan Smith,72,USA,2015-12-08,2024-09-09,Transfer,3751.43,12847.95,False
464167,Casey Williams,30,Italy,2018-02-27,2023-12-29,Deposit,4732.93,24450.46,False
446809,Taylor Anderson,30,Netherlands,2022-08-06,2024-01-17,Transfer,3770.69,3874.4,True
730075,Drew Anderson,35,Canada,2018-04-10,2023-08-21,Deposit,2862.35,15180.54,False
787281,Sam Johnson,49,France,2022-09-18,2023-12-10,Online,4215.2,16582.12,False
395451,Casey Williams,49,Germany,2022-04-15,2024-07-02,Online,3202.86,12405.98,False
520571,Casey Johnson,52,France,2018-05-17,2024-07-06,Deposit,1744.65,9743.91,False
227016,Alex Williams,56,Canada,2021-07-29,2024-06-12,Transfer,4370.91,13533.03,False
891267,Sam Thomas,63,Italy,2019-02-03,2024-07-24,POS,720.45,9078.16,True
644447,Jamie Johnson,69,Italy,2019-12-27,2023-07-02,Deposit,3430.53,18067.33,False
597562,Jordan Wilson,46,USA,2015-04-26,2023-02-10,Deposit,4348.6,7142.17,False
802965,Drew Anderson,66,Netherlands,2024-02-18,2024-07-04,Deposit,3522.24,7555.26,False
483934,Alex Anderson,46,India,2016-10-23,2024-02-01,Transfer,3335.01,7027.32,True
992048,Drew Williams,70,Netherlands,2019-01-05,2024-12-04,POS,3639.51,8962.67,False
965184,Taylor Jones,61,India,2024-11-28,2024-05-08,Transfer,2057.8,12610.44,True
417428,Sam Smith,74,Italy,2021-11-05,2024-10-20,ATM,4307.94,6620.99,False
419187,Drew Miller,33,Australia,2020-02-12,2023-11-29,ATM,618.9,17995.47,True
790907,Morgan Thomas,73,Australia,2024-09-18,2023-05-07,Deposit,200.63,6218.12,False
983439,Sam Brown,61,Italy,2021-05-23,2024-07-11,Deposit,1070.3,4404.81,True
182844,Jordan Anderson,64,Australia,2024-03-28,2024-07-10,Deposit,2423.68,15968.54,True
651820,Riley Johnson,74,UK,2017-10-13,2023-01-01,POS,2308.09,3166.01,False
265421,Cameron Anderson,27,Spain,2015-11-07,2023-06-17,POS,4013.29,16450.66,False
222402,Cameron Anderson,47,Australia,2015-07-27,2024-09-11,Deposit,1725.13,15719.28,False
218012,Cameron Smith,42,India,2022-04-19,2023-01-19,POS,2163.89,6540.73,True
538661,Sam Wilson,56,USA,2021-10-29,2023-11-28,Online,-426.48,508.61,False
498929,Alex Davis,37,USA,2022-06-10,2024-08-06,Deposit,1753.57,9090.11,True
680466,Riley Jones,22,Germany,2016-09-24,2024-03-31,Online,3062.76,5124.79,False
673695,Alex Miller,18,Spain,2020-10-03,2023-04-19,Transfer,-414.7,2003.21,True
563556,Jordan Miller,47,Canada,2023-02-07,2023-09-25,Online,1044.85,6204.65,False
675278,Morgan Johnson,66,India,2023-06-11,2024-03-20,Transfer,643.76,6623.57,False
229473,Drew Miller,20,UK,2016-10-18,2023-08-28,Transfer,-269.08,10377.33,True
578007,Taylor Smith,62,India,2018-11-24,2023-10-28,Deposit,2135.93,15735.93,True
944573,Riley Anderson,31,Italy,2020-04-15,2024-08-24,Deposit,499.48,12395.62,False
517009,Riley Brown,73,Spain,2023-04-16,2023-04-13,Transfer,3586.95,6639.32,False
418714,Jamie Wilson,47,Italy,2022-01-06,2023-09-07,POS,4163.6,7688.11,False
326156,Taylor Brown,67,USA,2019-08-07,2024-03-28,ATM,2500.72,20088.23,True
268964,Jordan Wilson,21,UK,2024-11-22,2024-06-03,Online,4899.39,16110.6,False
625303,Alex Jones,35,USA,2015-08-25,2023-06-02,Transfer,1977.63,19389.39,True
161813,Morgan Smith,54,France,2024-03-04,2023-06-23,ATM,2323.53,9817.31,True
127712,Morgan Smith,42,Germany,2015-12-14,2023-12-09,Deposit,4940.7,17267.26,False
724785,Riley Jones,65,Australia,2022-04-28,2024-10-31,Deposit,773.52,11294.42,True
867214,Cameron Davis,18,Australia,2023-09-11,2024-03-06,Transfer,4684.0,11134.56,True
212816,Cameron Wilson,70,Australia,2016-09-21,2024-12-27,POS,-264.39,9186.93,True
228778,Casey Smith,63,India,2019-03-21,2024-11-19,Transfer,1955.13,12054.7,False
686580,Morgan Jones,32,India,2020-06-26,2024-11-17,Online,-114.98,3980.36,True
385977,Riley Smith,26,Germany,2018-06-25,2024-10-19,ATM,3510.79,9879.5,True
235230,Riley Jones,32,Netherlands,2015-12-30,2023-11-20,POS,2846.25,18695.3,True
818040,Jordan Miller,66,Spain,2021-06-26,2024-11-03,Transfer,3386.49,21710.68,True
906741,Sam Davis,74,Italy,2015-10-13,2024-09-30,Online,1559.64,8819.54,False
369114,Jamie Davis,41,Netherlands,2015-05-29,2024-02-24,Online,1532.15,7740.9,True
434618,Riley Brown,21,India,2018-01-12,2024-08-16,POS,-250.74,3733.68,True
932972,Jamie Wilson,29,Australia,2021-09-19,2024-04-29,Online,1424.7,15026.67,True
251456,Riley Anderson,54,Canada,2023-04-14,2024-10-20,Online,4611.09,11140.77,True
904449,Casey Johnson,54,Spain,2016-03-31,2024-02-16,Online,1585.75,21341.97,False
962312,Sam Johnson,60,UK,2019-11-02,2023-03-25,Online,4072.52,10653.65,True
205570,Sam Thomas,23,Netherlands,2017-03-10,2023-04-23,Transfer,4132.79,12076.1,True
370846,Taylor Anderson,56,USA,2018-03-30,2023-11-28,POS,1552.83,13659.18,False
100404,Casey Miller,73,France,2017-10-09,2024-01-13,ATM,2975.94,19029.46,False
803286,Jordan Johnson,63,Italy,2022-10-02,2024-10-16,ATM,24.54,9467.96,False
374907,Riley Jones,41,USA,2021-11-12,2023-02-10,Online,70.23,8581.09,False
773744,Casey Wilson,28,USA,2024-11-30,2023-04-15,Transfer,-232.38,19680.81,False
815460,Drew Davis,30,Canada,2019-03-04,2023-07-21,Online,2695.58,3004.4,False
984574,Taylor Wilson,51,Spain,2022-08-17,2024-03-25,Online,1843.39,19755.19,True
765220,Riley Wilson,42,France,2021-12-31,2023-09-23,Transfer,2514.18,5582.08,False
335365,Alex Miller,24,Spain,2016-04-25,2023-07-29,Deposit,2365.9,18105.81,False
442786,Drew Davis,69,Netherlands,2019-08-14,2024-07-16,POS,1426.12,13822.96,True
150612,Casey Smith,21,Germany,2020-12-01,2023-04-28,ATM,3226.1,10128.86,True
910006,Jordan Davis,25,Australia,2022-08-28,2024-12-13,Transfer,3671.76,21161.87,True
909956,Riley Anderson,37,Netherlands,2019-05-21,2024-01-12,ATM,-419.54,112.69,False
300244,Taylor Smith,46,Spain,2021-08-05,2024-07-04,Transfer,639.83,5250.97,False
897348,Taylor Thomas,71,Netherlands,2015-12-07,2024-06-23,Transfer,3422.8,14803.97,True
104809,Jamie Smith,70,USA,2022-09-18,2023-03-25,Deposit,1626.41,8722.1,False
263273,Taylor Johnson,68,Netherlands,2020-07-03,2024-03-29,Online,3143.66,15390.17,False
808690,Morgan Miller,62,Netherlands,2022-09-09,2024-10-28,POS,1408.29,1988.08,True
244528,Riley Davis,63,Spain,2023-04-05,2024-09-20,Deposit,1649.15,4066.68,False
606964,Drew Smith,27,USA,2021-11-01,2024-05-28,ATM,372.73,3001.95,True
549613,Drew Brown,60,France,2020-02-10,2024-08-27,POS,920.27,4787.01,False
138765,Jamie Miller,51,UK,2017-04-14,2024-11-08,Online,2829.76,12070.46,False
931538,Riley Wilson,74,USA,2018-04-18,2024-01-22,Deposit,1882.4,16949.76,True
416076,Jordan Thomas,43,UK,2019-09-22,2023-12-16,Transfer,3758.66,21878.88,True
943523,Taylor Anderson,58,Spain,2024-07-10,2023-10-23,ATM,4189.22,20913.13,True
646237,Riley Davis,66,USA,2019-08-17,2023-09-15,Deposit,2479.06,6497.13,False
301152,Riley Jones,20,Canada,2023-12-12,2023-03-22,Deposit,3670.47,12549.37,True
399888,Morgan Johnson,73,Germany,2024-09-07,2023-09-25,POS,1187.97,5256.26,False
800903,Alex Brown,23,Australia,2015-11-07,2024-02-23,ATM,1782.34,7145.33,False
994751,Jamie Anderson,22,Canada,2015-09-19,2023-08-23,ATM,3420.28,13540.86,False
192193,Sam Anderson,22,Australia,2018-12-13,2023-11-07,ATM,1624.17,3079.54,True
136187,Jordan Jones,71,Canada,2016-02-10,2023-12-23,POS,2736.78,7178.45,False
605950,Casey Wilson,64,Spain,2020-12-30,2023-08-01,ATM,519.55,19233.58,True
238311,Morgan Thomas,40,Australia,2015-12-08,2024-07-27,POS,2798.74,12174.45,False
900921,Casey Wilson,66,Italy,2018-09-01,2023-02-18,Transfer,4238.33,13201.52,False
608153,Morgan Johnson,26,Netherlands,2023-09-08,2023-05-07,POS,4277.52,4667.41,False
289089,Taylor Johnson,52,Germany,2015-09-01,2023-08-11,Online,3483.89,8507.14,False
686165,Jamie Brown,37,Italy,2016-05-04,2023-10-06,ATM,3601.64,20940.86,True
536341,Jamie Johnson,66,Canada,2015-01-12,2024-02-12,Online,2568.6,5944.71,False
412066,Riley Miller,59,Canada,2024-01-24,2024-05-19,Online,2715.67,11076.66,False
718362,Jordan Anderson,52,Italy,2016-07-14,2023-10-21,Transfer,235.08,620.27,True
787409,Cameron Jones,67,Italy,2015-02-11,2023-10-04,Deposit,1941.23,11560.11,False
661419,Casey Brown,35,UK,2022-06-18,2024-03-13,Transfer,1979.27,2497.59,False
740053,Taylor Miller,34,India,2016-08-16,2023-04-17,POS,4771.74,21181.97,False
960395,Cameron Williams,41,Germany,2018-12-23,2024-10-19,POS,1870.98,18385.57,False
731172,Jordan Williams,20,Netherlands,2020-01-01,2024-02-24,ATM,2521.38,18297.45,False
225917,Taylor Williams,49,India,2023-11-04,2024-09-02,Online,2432.88,8171.82,False
910717,Jamie Smith,52,Italy,2024-01-01,2024-03-04,Transfer,3002.19,19763.21,True
399770,Riley Anderson,55,Italy,2019-08-21,2024-01-10,Deposit,3615.28,14520.94,True
798168,Drew Miller,30,UK,2024-09-03,2023-03-14,Transfer,737.73,8276.51,True
581680,Jamie Anderson,73,Germany,2015-05-14,2024-09-25,ATM,2407.98,14952.05,True
381342,Taylor Thomas,64,Germany,2023-08-05,2023-01-30,Transfer,4042.55,4388.14,False
639542,Jordan Johnson,42,France,2023-06-06,2023-07-07,Deposit,2047.13,4992.05,True
144238,Casey Davis,26,USA,2017-08-05,2023-12-30,Deposit,1031.52,15903.16,False
101252,Jamie Anderson,21,India,2024-11-06,2024-03-26,Online,3100.9,8059.72,False
926196,Sam Davis,31,USA,2015-03-14,2023-07-14,Online,4030.72,16031.1,True
964141,Drew Johnson,54,Australia,2016-02-03,2023-06-05,ATM,-152.73,7610.81,True
585450,Taylor Miller,51,Canada,2018-11-29,2023-06-21,Online,3772.35,20882.98,True
415826,Jordan Wilson,28,Spain,2022-03-10,2023-02-10,POS,4019.06,23072.12,False
421638,Jamie Anderson,58,Spain,2022-12-16,2023-03-04,Online,2038.38,19721.32,True
705605,Riley Brown,73,Germany,2015-05-10,2023-01-23,POS,4908.18,10393.52,True
427359,Cameron Thomas,20,Netherlands,2023-02-26,2023-12-26,Transfer,3826.9,7790.74,False
702875,Taylor Brown,45,USA,2024-09-07,2023-03-16,POS,3755.14,13296.39,False
106949,Sam Anderson,46,France,2023-12-22,2024-07-13,ATM,3613.11,3859.06,True
863185,Alex Johnson,26,Netherlands,2019-12-17,2024-11-02,Deposit,328.34,941.95,False
417537,Cameron Brown,20,Australia,2020-06-24,2023-04-28,ATM,694.77,11805.25,False
828913,Casey Brown,42,Spain,2015-09-23,2024-09-03,ATM,2051.95,12508.89,False
762301,Taylor Miller,51,India,2019-04-10,2024-01-15,ATM,952.02,20844.2,False
650222,Morgan Miller,29,Italy,2020-06-08,2024-11-09,ATM,1783.83,5900.48,True
880722,Cameron Jones,59,India,2017-03-03,2023-10-17,Online,4386.55,9622.82,False
555102,Jordan Jones,26,Italy,2021-04-19,2024-03-15,Transfer,4033.8,6393.26,True
437889,Morgan Anderson,32,India,2022-11-09,2024-10-29,Deposit,2965.22,21324.33,True
576467,Casey Brown,57,USA,2018-08-05,2023-01-07,POS,4219.66,19798.1,True
456600,Casey Thomas,42,Spain,2015-06-13,2023-07-15,POS,3810.75,20275.3,True
415557,Cameron Johnson,22,Spain,2015-04-05,2024-02-25,Transfer,1859.42,19924.42,False
983671,Cameron Brown,28,Netherlands,2019-12-11,2024-07-21,ATM,605.86,11151.37,False
404462,Drew Thomas,51,India,2022-11-20,2023-07-12,ATM,2328.11,11406.85,True
350875,Taylor Brown,41,Canada,2018-02-07,2024-07-12,Deposit,3549.26,10224.05,False
563389,Drew Thomas,32,France,2021-07-11,2023-05-28,POS,1900.31,13725.68,False
170390,Riley Thomas,55,India,2017-04-01,2024-10-30,ATM,3167.25,12307.39,False
807689,Alex Smith,25,India,2015-08-26,2023-07-21,Online,18.8,9104.96,False
353490,Jordan Smith,22,USA,2021-08-25,2024-03-19,Deposit,3614.03,22358.89,False
